sentence_id,technique,text,feature_id,props_a20,props_a21,props_a22,annotator_consistency,props_gpt4_majority,res_1.0_1,gpt_props_1.0_1,res_1.0_2,gpt_props_1.0_2,res_1.0_3,gpt_props_1.0_3,gpt3.5_1.0_consistency,res_0.2_1,gpt_props_0.2_1,res_0.2_2,gpt_props_0.2_2,res_0.2_3,gpt_props_0.2_3,gpt3.5_0.2_consistency,gpt3.5_0.2_majority,humans isCorrect,gpt isCorrect,comments,ground truth,Unnamed: 28,res_0.0_V3_1,property__0.0_V3_1,res_0.0_V3_2,property__0.0_V3_2,res_0.0_V3_3,property__0.0_V3_3,property_0.0_V3_consistency
43,[0],"As a former trial lawyer, I can tell you that while neither notes nor memories are infallible, in a contest between contemporaneous notes and later verbal testimony about those notes, the content of the written notes usually prevails.",Predication,"['stative', 'active']","['stative', 'active']","['stative', 'active']",TRUE,[],"{
  ""Properties"": [
    ""active"",
    ""compound""
  ],
  ""Explanation"": ""The sentence contains active verbs such as 'are' and 'is', and also multiple verbs about one subject, making it a compound predication.""
}","['active', 'compound']","{
  ""Properties"": [""active""],
  ""Explanation"": ""The text contains active verbs such as 'are', 'notes', 'are', 'infallible', 'content', and 'prevails'. These verbs indicate action or occurrence by the subject.""
}",['active'],"{
  ""Properties"": [""active"", ""stative""],
  ""Explanation"": ""The text contains active verbs (are, is) and stative verbs (are, is) to describe the state of something or someone.""
}","['active', 'stative']",FALSE,"{
  ""Properties"": [""active""],
  ""Explanation"": ""The text contains active verbs such as 'are', 'is', 'are', and 'prevails'. These active verbs indicate actions performed by the subjects in the sentence.""
}",['active'],"{
  ""Properties"": [""active""],
  ""Explanation"": ""The sentence contains active verbs such as 'are' and 'prevails'.""
}",['active'],"{
  ""Properties"": [""active""],
  ""Explanation"": ""The sentence contains active verbs such as 'are', 'are', 'prevails'. These active verbs indicate actions performed by the subject, meeting the criteria for the active property.""
}",['active'],1,['active'],1,0,GPT is mixing up the properties and definitions,"['stative', 'active']",,"{
  ""Answer"": [""active"", ""passive""],
  ""Explanation"": ""The sentence contains both active and passive voice. The active voice is present in the phrase 'I can tell you,' where 'I' is the subject performing the action of telling. The passive voice is present in the phrase 'the content of the written notes usually prevails,' where 'the content of the written notes' is the subject receiving the action of prevailing."" 
}","['active', 'passive']","{
  ""Answer"": [""passive""],
  ""Explanation"": ""The sentence is in the passive voice because the subject of the sentence ('the content of the written notes') is receiving the action ('usually prevails'). Additionally, the helping verb 'are' is used, and the main verb 'prevails' does not end in 'ing.'""
}",['passive'],"{
  ""Answer"": [""passive""],
  ""Explanation"": ""The sentence is in the passive voice because the subject of the sentence ('the content of the written notes') is receiving the action ('usually prevails'). Additionally, the helping verb 'are' is used, indicating the passive voice. There is no indication of compound voice in this sentence, as it does not contain both active and passive constructions about a single subject."" 
}",['passive'],0
83,[1],"A dark, impenetrable and “irreversible” winter of persecution of the faithful by their own shepherds will fall.",Predication,['active'],['active'],['active'],TRUE,[],"{
  ""Properties"": [],
  ""Explanation"": ""The example text does not contain any active, stative, or compound predicates. Instead, it is a complex sentence expressing a prediction about a future event without specifying any particular action or state.""
}",[],"{
  ""Properties"": [""stative""],
  ""Explanation"": ""The sentence contains the stative verb 'irreversible' which describes a state rather than an action.""
}",['stative'],"{
  ""Properties"": [""stative"", ""compound""],
  ""Explanation"": ""The phrase 'will fall' contains a stative verb ('fall') indicating a state or condition. The sentence also contains a compound verb structure with 'will fall' and 'will fall', involving multiple verbs about one subject.""
}","['stative', 'compound']",FALSE,"{
  ""Properties"": [""stative""],
  ""Explanation"": ""The sentence contains the stative verb 'will fall', indicating a state or condition that will occur in the future.""
}",['stative'],"{
  ""Properties"": [""stative""],
  ""Explanation"": ""The sentence contains a stative verb 'will fall' to describe a future state of being.""
}",['stative'],"{
  ""Properties"": [""stative""],
  ""Explanation"": ""The sentence contains a stative verb 'will fall' which describes a state of being rather than an action.""
}",['stative'],1,['stative'],1,0,GPT is mixing up the properties and definitions,['active'],will fail,"{
  ""Answer"": [""passive""],
  ""Explanation"": ""The sentence 'A dark, impenetrable and “irreversible” winter of persecution of the faithful by their own shepherds will fall.' is in the passive voice. The subject 'A dark, impenetrable and “irreversible” winter of persecution of the faithful by their own shepherds' is receiving the action 'will fall' rather than performing the action itself."" 
}",['passive'],"{
  ""Answer"": [""passive""],
  ""Explanation"": ""The sentence 'A dark, impenetrable and “irreversible” winter of persecution of the faithful by their own shepherds will fall.' is in the passive voice. The subject 'A dark, impenetrable and “irreversible” winter of persecution of the faithful by their own shepherds' receives the action 'will fall' rather than performing the action itself.""
}",['passive'],"{
  ""Answer"": [""passive""],
  ""Explanation"": ""The sentence 'A dark, impenetrable and “irreversible” winter of persecution of the faithful by their own shepherds will fall.' is in the passive voice. The subject 'winter of persecution' receives the action 'will fall' rather than performing the action itself. The helping verb 'will' is used, indicating the passive voice."" 
}",['passive'],1
118,[1],"In any case, note well: the letter to me from the UK Home Office said that I was banned for saying that “[Islam] is a religion and is a belief system that mandates warfare against unbelievers…”",Predication,"['stative', 'active']","['stative', 'active']","['stative', 'active']",TRUE,[],"{
  ""Properties"": [""active""],
  ""Explanation"": ""The sentence contains an active verb 'said' in the clause 'the letter to me from the UK Home Office said'.""
}",['active'],"{
  ""Properties"": [""active""],
  ""Explanation"": ""The example text contains active verbs such as 'said' and 'saying', indicating the use of active voice.""
}",['active'],"{
  ""Properties"": [""active""],
  ""Explanation"": ""The example contains active verbs, such as 'said', which indicate the action being performed by the subject.""
}",['active'],TRUE,"{
  ""Properties"": [""stative""],
  ""Explanation"": ""The sentence contains a stative verb 'is' in the phrase '[Islam] is a religion and is a belief system'. This indicates a state of being rather than an action.""
}",['stative'],"{
  ""Properties"": [""stative""],
  ""Explanation"": ""The sentence contains the stative verb 'is' in the phrase '[Islam] is a religion and is a belief system'. This indicates a state of being rather than an action, fulfilling the stative property.""
}",['stative'],"{
  ""Properties"": [""stative""],
  ""Explanation"": ""The sentence contains the stative verb 'is' in the phrase '[Islam] is a religion and is a belief system'. This indicates a state of being rather than an action.""
}",['stative'],1,['stative'],1,0,GPT is mixing up the properties and definitions,"['stative', 'active']",,"{
  ""Answer"": [""passive""],
  ""Explanation"": ""The sentence is in the passive voice because the subject of the sentence ('the letter to me from the UK Home Office') is not performing the action but receiving it. The action is being done to the subject, which is indicated by the use of 'was banned' as a passive construction.""
}",['passive'],"{
  ""Answer"": [""passive""],
  ""Explanation"": ""The sentence is in the passive voice because the subject of the sentence ('the letter to me from the UK Home Office') is not performing the action but receiving it. The action is being done to the subject ('the letter'), making it a passive construction.""
}",['passive'],"{
  ""Answer"": [""passive""],
  ""Explanation"": ""The sentence is in the passive voice because the subject 'I' is receiving the action of being banned by the UK Home Office. The helping verb 'was' is used, and the main verb 'banned' does not end in 'ing.'""
}",['passive'],1
243,[2 6],Women everywhere should be furious.,Predication,['stative'],['stative'],['stative'],TRUE,[],"{
  ""Properties"": [
    ""stative""
  ],
  ""Explanation"": ""The sentence uses the stative verb 'should be' to express a state of being, rather than an action.""
}",['stative'],"{
  ""Properties"": [""active""],
  ""Explanation"": ""The sentence contains an active verb 'should be furious.'""
}",['active'],"{
  ""Properties"": [""active""],
  ""Explanation"": ""The sentence contains an active verb 'should be furious.' It is directly calling on women to feel a certain way.""
}",['active'],FALSE,"{
  ""Properties"": [""active""],
  ""Explanation"": ""The sentence contains an active verb 'should be furious' which expresses an action.""
}",['active'],"{
  ""Properties"": [""active""],
  ""Explanation"": ""The sentence contains an active verb 'should be furious.'""
}",['active'],"{
  ""Properties"": [""active""],
  ""Explanation"": ""The sentence contains an active verb 'should be furious.'""
}",['active'],1,['active'],1,0,GPT is mixing up the properties and definitions,['stative'],,"{
  ""Answer"": [""passive""],
  ""Explanation"": ""The sentence 'Women everywhere should be furious' is in the passive voice. The subject 'women' is not performing the action but receiving it, and the helping verb 'be' is used, indicating the passive voice."" 
}",['passive'],"{
  ""Answer"": [""passive""],
  ""Explanation"": ""The sentence 'Women everywhere should be furious' is in the passive voice. The subject 'women' is not performing the action but receiving it, and the helping verb 'be' is used, indicating the passive voice."" 
}",['passive'],"{
  ""Answer"": [""passive""],
  ""Explanation"": ""The sentence 'Women everywhere should be furious' is in the passive voice. The subject 'women' is receiving the action 'should be furious' rather than performing the action themselves. The presence of 'be' as a helping verb and the absence of a main verb ending in 'ing' indicate that this sentence is in the passive voice.""
}",['passive'],1
249,[2],"Although the claims are intriguing, it is important to remember that after virtually every terror attack and mass shooting, friends and neighbors express shock that the culprit would be capable of carrying out such horrors, with some outright denying it to be possible.",Predication,"['stative', 'active']","['stative', 'active']","['stative', 'active']",TRUE,[],"{
  ""Properties"": [""active"", ""stative""],
  ""Explanation"": ""The text contains active verbs (express, carrying) and stative verbs (are, is, denying).""
}","['active', 'stative']","{
  ""Properties"": [""active"", ""compound""],
  ""Explanation"": ""The text contains active verbs such as 'are', 'is', 'remember', 'express', 'denying' which indicate active voice. Additionally, it also has compound verbs 'is important', 'would be capable', and 'carrying out', where multiple verbs are connected to one subject.""
}","['active', 'compound']","{
  ""Properties"": [""active"", ""stative"", ""compound""],
  ""Explanation"": ""The example contains active verbs ('are', 'is', 'remember', 'express', 'carrying', 'denying'), stative verb ('is'), and compound verbs ('is important', 'would be capable', 'carrying out').""
}","['active', 'stative', 'compound']",FALSE,"{
  ""Properties"": [""active"", ""stative"", ""compound""],
  ""Explanation"": ""The text contains active verbs (are, express, denying), stative verbs (are), and compound verbs (would be, carrying out).""
}","['active', 'stative', 'compound']","{
  ""Properties"": [""active"", ""stative""],
  ""Explanation"": ""The text contains both active verbs (express, carrying out) and stative verbs (are, is, denying).""
}","['active', 'stative']","{
  ""Properties"": [""active"", ""compound""],
  ""Explanation"": ""The text contains active verbs such as 'are', 'is', 'remember', 'express', 'denying' and also has a compound structure with multiple verbs 'are', 'express', 'denying' about one subject.""
}","['active', 'compound']",0,"['active', 'stative', 'compound']",1,0,GPT is mixing up the properties and definitions,"['stative', 'active']",,"{
  ""Answer"": [""passive""],
  ""Explanation"": ""The sentence is in the passive voice because the subject of the sentence ('friends and neighbors') is not the one performing the action. Instead, they are receiving the action of expressing shock and denying the possibility. Additionally, the helping verb 'be' is used ('would be capable') and the main verb does not end in 'ing.'""
}",['passive'],"{
  ""Answer"": [""passive""],
  ""Explanation"": ""The sentence is in the passive voice because the subject of the sentence ('friends and neighbors') is not the one performing the action ('express shock'). Instead, they are receiving the action. The helping verb 'be' ('would be capable') is used, and the main verb does not end in 'ing.'""
}",['passive'],"{
  ""Answer"": [""passive""],
  ""Explanation"": ""The sentence is in the passive voice because the subject of the sentence ('friends and neighbors') is not the one performing the action ('express shock'). Instead, they are receiving the action. Additionally, the sentence contains the helping verb 'be' ('would be capable') and the main verb does not end in 'ing.'""
}",['passive'],1
263,[3],"While Obama pardoned drug dealers and locked up ranchers, Trump pardons ranchers and locks up drug dealers.",Predication,['active'],['active'],['active'],TRUE,[],"{
  ""Properties"": [""compound""],
  ""Explanation"": ""The sentence contains compound predication, as it expresses two contrasting actions (pardoning and locking up) related to two different subjects (drug dealers and ranchers) in a parallel structure.""
}",['compound'],"{
  ""Properties"": [""active"", ""compound""],
  ""Explanation"": ""The sentence contains active verbs 'pardoned' and 'locked up', as well as a compound structure with multiple verbs about one subject (Obama and Trump) in the same sentence.""
}","['active', 'compound']","{
  ""Properties"": [""active"", ""compound""],
  ""Explanation"": ""The sentence contains active verbs ('pardoned', 'locked up') and also features a compound structure with multiple verbs related to the same subject.""
}","['active', 'compound']",FALSE,"{
  ""Properties"": [""active"", ""compound""],
  ""Explanation"": ""The sentence contains active verbs ('pardoned', 'locked up') and also has a compound structure with multiple verbs ('pardoned', 'locked up') about one subject ('Obama', 'Trump').""
}","['active', 'compound']","{
  ""Properties"": [""compound""],
  ""Explanation"": ""The sentence contains a compound structure with multiple verbs ('pardons', 'locked up') about one subject ('Obama' and 'Trump').""
}",['compound'],"{
  ""Properties"": [""active"", ""compound""],
  ""Explanation"": ""The sentence contains active verbs ('pardoned', 'locked up') and also has a compound structure with multiple verbs ('pardoned', 'locked up') about one subject ('Obama', 'Trump').""
}","['active', 'compound']",0,"['active', 'compound']",1,0,GPT is misinterpreting a property,['active'],,"{
  ""Answer"": [""active"", ""active"", ""passive"", ""passive""],
  ""Explanation"": ""The sentence contains two active voice constructions ('Obama pardoned' and 'Trump pardons') where the subject is performing the action. It also contains two passive voice constructions ('drug dealers...locked up' and 'ranchers...locked up') where the subject receives the action. Therefore, it is a compound voice sentence as it contains both active and passive voice constructions about a single subject.""
}","['active', 'active', 'passive', 'passive']","{
  ""Answer"": [""active"", ""active""],
  ""Explanation"": ""The sentence contains two active voice constructions. In the first part, 'Obama pardoned drug dealers and locked up ranchers,' the subject 'Obama' is performing the actions of pardoning and locking up. In the second part, 'Trump pardons ranchers and locks up drug dealers,' the subject 'Trump' is also performing the actions of pardoning and locking up. Both parts of the sentence follow the active voice structure where the subject is the one performing the actions."" 
}","['active', 'active']","{
  ""Answer"": [""active"", ""active""],
  ""Explanation"": ""The sentence contains two independent clauses, each utilizing active voice. In the first clause, 'Obama pardoned drug dealers' and in the second clause, 'Trump pardons ranchers.' Both clauses have the subject performing the action, making them active voice constructions.""
}","['active', 'active']",0
265,[3],"No Catholic, whether or not he consults a priest, can declare for himself that his marriage in the Church was invalid, especially when—indeed because—he lacks canonical proof of invalidity.",Predication,"['stative', 'active']","['stative', 'active']","['stative', 'active']",TRUE,[],"{
  ""Properties"": [""stative"", ""compound""],
  ""Explanation"": ""The sentence includes a stative verb 'was' and a compound structure with multiple verbs ('can declare,' 'lacks').""
}","['stative', 'compound']","{
  ""Properties"": [""active""],
  ""Explanation"": ""The sentence contains an active verb 'consults' and uses an active voice construction.""
}",['active'],"{
  ""Properties"": [""active""],
  ""Explanation"": ""The text contains active verbs such as 'declare,' 'consults,' 'can' and 'lacks,' indicating the use of active voice.""
}",['active'],FALSE,"{
  ""Properties"": [""stative""],
  ""Explanation"": ""The sentence contains a stative verb 'was' to express a state of being (invalid).""
}",['stative'],"{
  ""Properties"": [""active""],
  ""Explanation"": ""The sentence contains an active verb 'consults' and 'declare' which indicate action being performed by the subject.""
}",['active'],"{
  ""Properties"": [""active"", ""stative""],
  ""Explanation"": ""The text contains active verbs (consults, can declare) and a stative verb (is).""
}","['active', 'stative']",0,['stative'],1,0,,"['stative', 'active']",,"{
  ""Answer"": [""passive""],
  ""Explanation"": ""The sentence 'No Catholic, whether or not he consults a priest, can declare for himself that his marriage in the Church was invalid, especially when—indeed because—he lacks canonical proof of invalidity.' is in the passive voice. The subject 'No Catholic' is not performing the action but is receiving the action of 'declaring'."" 
}",['passive'],"{
  ""Answer"": [""passive""],
  ""Explanation"": ""The sentence 'No Catholic, whether or not he consults a priest, can declare for himself that his marriage in the Church was invalid, especially when—indeed because—he lacks canonical proof of invalidity.' is in the passive voice. The subject 'marriage in the Church' receives the action 'was declared invalid' rather than performing the action."" 
}",['passive'],"{
  ""Answer"": [""passive""],
  ""Explanation"": ""The sentence 'No Catholic, whether or not he consults a priest, can declare for himself that his marriage in the Church was invalid, especially when—indeed because—he lacks canonical proof of invalidity.' is in the passive voice. The subject 'marriage in the Church' receives the action 'was declared invalid' rather than performing the action itself. The helping verb 'was' is used, and the main verb 'invalid' does not end in 'ing.'""
}",['passive'],1
282,[3 9],"And if Trumpism is not the future of the GOP, it is hard to see what a promising GOP agenda might look like.",Predication,['stative'],['stative'],['stative'],TRUE,"['stative', 'active']","{
  ""Properties"": [""stative""],
  ""Explanation"": ""The sentence contains a stative verb 'is' indicating a state of being.""
}",['stative'],"{
  ""Properties"": [""stative""],
  ""Explanation"": ""The sentence contains the stative verb 'is' as part of the phrase 'is not'. This indicates a state of being or a condition rather than an action.""
}",['stative'],"{
  ""Properties"": [""stative""],
  ""Explanation"": ""The sentence contains a stative verb 'is', indicating a state of being rather than action.""
}",['stative'],TRUE,"{
  ""Properties"": [""active""],
  ""Explanation"": ""The sentence contains an active verb 'is' and 'look'.""
}",['active'],"{
  ""Properties"": [""active""],
  ""Explanation"": ""The sentence contains an active verb 'is' which is used to express a state of being.""
}",['active'],"{
  ""Properties"": [""active""],
  ""Explanation"": ""The sentence contains an active verb 'is' and 'look' which indicates action being performed by the subject.""
}",['active'],1,['active'],1,0,GPT is mixing up the properties and definitions,['stative'],,"{
  ""Answer"": [""active"", ""passive""],
  ""Explanation"": ""The sentence contains both active and passive voice. 'Trumpism is not the future of the GOP' is in passive voice, as 'is' is a helping verb and 'not the future' receives the action. 'It is hard to see what a promising GOP agenda might look like' is in active voice, as 'is' is a linking verb and 'hard to see' is the action performed by the subject 'it'.""
}","['active', 'passive']","{
  ""Answer"": [""active"", ""passive""],
  ""Explanation"": ""The sentence contains both active and passive voice. 'Trumpism is not the future of the GOP' is in passive voice, as the subject 'Trumpism' receives the action. 'It is hard to see what a promising GOP agenda might look like' is in active voice, as the subject 'it' is performing the action of 'seeing'."" 
}","['active', 'passive']","{
  ""Answer"": [""active"", ""passive""],
  ""Explanation"": ""The sentence contains both active and passive voice. 'Trumpism is not the future of the GOP' is in passive voice, as the subject 'Trumpism' receives the action. 'It is hard to see what a promising GOP agenda might look like' is in active voice, as the subject 'it' is performing the action of 'seeing'."" 
}","['active', 'passive']",1
313,[3],"“The Prologue set this choice before us, the world or Our Lord, as mutually exclusive alternatives; we cannot remain neutral, but must belong wholly to the one or wholly to the other.”",Predication,"['stative', 'active']","['stative', 'active']","['stative', 'active']",TRUE,"['stative', 'active']","{
  ""Properties"": [""active""],
  ""Explanation"": ""The text contains active verbs like 'set' and 'belong', which indicates action or movement.""
}",['active'],"{
  ""Properties"": [""active"", ""stative""],
  ""Explanation"": ""The text contains both active ('set') and stative ('cannot remain') verbs.""
}","['active', 'stative']","{
  ""Properties"": [""stative""],
  ""Explanation"": ""The sentence contains a stative verb 'remain' which indicates a state of being.""
}",['stative'],FALSE,"{
  ""Properties"": [""active""],
  ""Explanation"": ""The text contains active verbs such as 'set' and 'belong', which indicate actions being performed by the subjects.""
}",['active'],"{
  ""Properties"": [""active"", ""stative""],
  ""Explanation"": ""The text contains both active verbs (set, belong) and stative verbs (remain, belong) indicating action and state of being.""
}","['active', 'stative']","{
  ""Properties"": [""active""],
  ""Explanation"": ""The sentence contains active verbs 'set' and 'belong' which indicate action being performed by the subject.""
}",['active'],0,['active'],1,0,,"['stative', 'active']",,"{
  ""Answer"": [""active"", ""passive""],
  ""Explanation"": ""The sentence contains both active and passive voice. The active voice is present in the phrase 'set this choice before us,' where 'set' is the action performed by the subject 'The Prologue.' The passive voice is present in the phrase 'The Prologue set this choice before us,' where 'set' is in the passive form 'is set,' and 'us' is the receiver of the action. The passive voice is also present in the phrase 'we cannot remain neutral,' where 'remain' is the main verb and 'be' is the helping verb, indicating the passive voice."" 
}","['active', 'passive']","{
  ""Answer"": [""passive""],
  ""Explanation"": ""The sentence 'The Prologue set this choice before us, the world or Our Lord, as mutually exclusive alternatives; we cannot remain neutral, but must belong wholly to the one or wholly to the other.' is in the passive voice. The subject 'The Prologue' is not performing the action but is rather receiving the action of setting the choice before 'us'. The helping verb 'set' is followed by 'before us', indicating the passive voice."" 
}",['passive'],"{
  ""Answer"": [""active"", ""passive""],
  ""Explanation"": ""The sentence contains both active and passive voice. The active voice is present in the phrase 'set this choice before us,' where 'set' is the action performed by the subject 'The Prologue.' The passive voice is present in the phrase 'we cannot remain neutral, but must belong wholly to the one or wholly to the other,' where 'belong' is the action received by the subject 'we.'""
}","['active', 'passive']",0
319,[3],It’s not coming back.,Predication,['active'],['active'],['active'],TRUE,['active'],"{
  ""Properties"": [
    ""stative""
  ],
  ""Explanation"": ""The sentence contains a stative verb 'coming' that expresses a state of being, rather than an action.""
}",['stative'],"{
  ""Properties"": [""stative""],
  ""Explanation"": ""The sentence contains a stative verb 'coming' indicating a state of absence or non-existence.""
}",['stative'],"{
  ""Properties"": [""stative""],
  ""Explanation"": ""The sentence uses a stative verb 'coming' to describe a state of being for the subject. It does not involve an action in progress.""
}",['stative'],TRUE,"{
  ""Properties"": [""stative""],
  ""Explanation"": ""The sentence contains a stative verb 'coming' which expresses a state rather than an action.""
}",['stative'],"{
  ""Properties"": [""stative""],
  ""Explanation"": ""The sentence contains a stative verb 'coming' which describes a state rather than an action.""
}",['stative'],"{
  ""Properties"": [""stative""],
  ""Explanation"": ""The sentence contains a stative verb 'coming' which describes a state rather than an action.""
}",['stative'],1,['stative'],1,0,,['active'],,"{
  ""Answer"": [""active""],
  ""Explanation"": ""The sentence 'It’s not coming back.' is in the active voice because the subject 'It' is performing the action of not coming back.""
}",['active'],"{
  ""Answer"": [""active""],
  ""Explanation"": ""The sentence 'It’s not coming back.' is in the active voice. The subject 'It' is performing the action of not coming back.""
}",['active'],"{
  ""Answer"": [""active""],
  ""Explanation"": ""The sentence 'It’s not coming back.' is in the active voice because the subject 'It' is performing the action of not coming back. There is no indication of a passive construction or a compound voice in this sentence.""
}",['active'],1
369,[4 3],"To bless always means that something shall flourish, because only then when there is a blessing upon a cause or a project, will something good come out of it.",Predication,"['stative', 'active']","['stative', 'active']","['stative', 'active']",TRUE,"['stative', 'active']","{
  ""Properties"": [""stative""],
  ""Explanation"": ""The text contains a stative verb 'means' to express a state or condition.""
}",['stative'],"{
  ""Properties"": [""stative""],
  ""Explanation"": ""The text contains stative verbs such as 'means' and 'shall flourish', indicating a state or condition.""
}",['stative'],"{
  ""Properties"": [""stative""],
  ""Explanation"": ""The text contains the stative property of predication because it includes the stative verb 'means.' Stative verbs express a state or condition, and in this case, it conveys the meaning of the action of blessing.""
}",['stative'],TRUE,"{
  ""Properties"": [""stative""],
  ""Explanation"": ""The text contains a stative verb 'means' which expresses a state or condition rather than an action.""
}",['stative'],"{
  ""Properties"": [""stative""],
  ""Explanation"": ""The text contains a stative verb 'means' which expresses a state or condition rather than an action.""
}",['stative'],"{
  ""Properties"": [""stative""],
  ""Explanation"": ""The text contains a stative verb 'means' which expresses a state rather than an action.""
}",['stative'],1,['stative'],1,0,,"['stative', 'active']",,"{
  ""Answer"": [""active"", ""passive""],
  ""Explanation"": ""The sentence contains both active and passive voice. The first part 'To bless always means that something shall flourish' is in the passive voice, as the subject 'something' receives the action of being blessed. The second part 'only then when there is a blessing upon a cause or a project, will something good come out of it' is in the active voice, as the subject 'something good' is performing the action of coming out."" 
}","['active', 'passive']","{
  ""Answer"": [""active"", ""passive""],
  ""Explanation"": ""The sentence contains both active and passive voice. The first part 'To bless always means that something shall flourish' is in the passive voice, as the subject 'something' receives the action of being blessed. The second part 'only then when there is a blessing upon a cause or a project, will something good come out of it' is in the active voice, as the subject 'something good' is performing the action of coming out."" 
}","['active', 'passive']","{
  ""Answer"": [""active"", ""passive""],
  ""Explanation"": ""The sentence contains both active and passive voice. The first part 'To bless always means that something shall flourish' is in the passive voice, as the subject 'something' receives the action of being blessed. The second part 'only then when there is a blessing upon a cause or a project, will something good come out of it' is in the active voice, as the subject 'something good' is performing the action of coming out."" 
}","['active', 'passive']",1
392,[ 9 13  4],"“Their only defense was that the activities they described were either non-partisan or were not officially taken by the company,” Carlson said Monday night, describing Google’s official response to his requests for comment, before challenging the company’s response: “But of course they were both.",Predication,"['stative', 'active']","['stative', 'active']","['stative', 'active']",TRUE,"['stative', 'compound', 'active']","{
  ""Properties"": [""active"", ""compound""],
  ""Explanation"": ""The text contains active verbs ('was,' 'described,' 'challenging') and a compound structure with multiple verbs about one subject ('was,' 'described,' 'challenging').""
}","['active', 'compound']","{
  ""Properties"": [""active""],
  ""Explanation"": ""The text contains active verbs such as 'described', 'said', and 'challenging'.""
}",['active'],"{
  ""Properties"": [""active"", ""stative"", ""compound""]
} 
 ","['active', 'stative', 'compound']",FALSE,"{
  ""Properties"": [""active"", ""compound""],
  ""Explanation"": ""The text contains active verbs such as 'described' and 'challenging', as well as a compound verb 'were...taken' involving multiple verbs about one subject.""
}","['active', 'compound']","{
  ""Properties"": [""active"", ""compound""]
}

 	","['active', 'compound']","{
  ""Properties"": [""active""],
  ""Explanation"": ""The text contains active verbs such as 'described' and 'challenging', indicating actions performed by the subject.""
}",['active'],0,"['active', 'compound']",0,1,,"['active', 'compound']",,"{
  ""Answer"": [""passive"", ""active""],
  ""Explanation"": ""The sentence contains both passive and active voice. The first part 'Their only defense was that the activities they described were either non-partisan or were not officially taken by the company' is in the passive voice, as the subject 'activities' receives the action. The second part 'Carlson said Monday night, describing Google’s official response to his requests for comment' is in the active voice, as the subject 'Carlson' is performing the action of describing Google’s official response."" 
}","['passive', 'active']","{
  ""Answer"": [""passive"", ""active""],
  ""Explanation"": ""The sentence contains both passive and active voice. The first part 'Their only defense was that the activities they described were either non-partisan or were not officially taken by the company' is in the passive voice, as the subject 'activities' receives the action. The second part 'Carlson said Monday night, describing Google’s official response to his requests for comment' is in the active voice, as the subject 'Carlson' is performing the action of describing Google’s official response."" 
}","['passive', 'active']","{
  ""Answer"": [""passive"", ""active""],
  ""Explanation"": ""The sentence contains both passive and active voice. The first part 'Their only defense was that the activities they described were either non-partisan or were not officially taken by the company' is in the passive voice, as the subject 'activities' receives the action. The second part 'Carlson said Monday night, describing Google’s official response to his requests for comment' is in the active voice, as the subject 'Carlson' is performing the action of describing Google’s official response."" 
}","['passive', 'active']",1
515,[5 8 4],"Wicked men in the sight of God are those who have the knowledge of what to do when it comes to the right, but over and over again, they turn their shoulders and choose the wrong, through tolerance and apathy Americans are bringing upon themselves destruction (Deuteronomy 30:19) that will not be reversed, which leaves no alternative as to why God judges and is judging America today (Deuteronomy 28:63).",Predication,"['stative', 'active']","['stative', 'active']","['stative', 'active']",TRUE,"['stative', 'active']","{
  ""Properties"": [""stative"", ""compound""],
  ""Explanation"": ""The text contains stative verbs such as 'are' and 'is,' which express a state of being. It also includes compound verbs like 'have' and 'turn' which have multiple verbs related to one subject.""
}","['stative', 'compound']","{
  ""Properties"": [""stative""],
  ""Explanation"": ""The example text contains stative verbs such as 'are' and 'is' to express the state of being of the subjects 'wicked men' and 'America'. The verbs describe the condition or state of the subjects rather than action.""
}",['stative'],"{
  ""Properties"": [""stative""],
  ""Explanation"": ""The text contains stative verbs like 'are', 'have', 'is', 'will', which indicate a state or condition rather than an action. These verbs express the state of being or the state of something.""
}",['stative'],FALSE,"{
  ""Properties"": [""stative""],
  ""Explanation"": ""The text contains stative verbs such as 'are', 'have', 'is', and 'leaves', which express a state of being or existence rather than action.""
}",['stative'],"{
  ""Properties"": [""stative""],
  ""Explanation"": ""The text contains stative verbs such as 'are', 'have', 'is', and 'leaves', which express a state of being or existence rather than an action.""
}",['stative'],"{
  ""Properties"": [""stative""],
  ""Explanation"": ""The text contains stative verbs such as 'are', 'have', 'is', and 'leaves', which express a state of being or existence rather than action.""
}",['stative'],1,['stative'],0,0,,"['active', 'stative', 'compound']",,"{
  ""Answer"": [""passive""],
  ""Explanation"": ""The sentence contains passive voice verbs such as 'are brought,' 'is judged,' and 'is judging,' where the subject of the sentence is not the one doing the action, but rather receiving the action. Additionally, the sentence includes 'be' as a helping verb ('are,' 'is'), which is characteristic of passive voice. There are no instances of active or compound voice in the given sentence.""
}",['passive'],"{
  ""Answer"": [""passive""],
  ""Explanation"": ""The sentence contains passive voice verbs such as 'are brought,' 'is judging,' and 'will not be reversed.' These verbs include 'be' as a helping verb and do not end in 'ing,' which are characteristic of passive voice. The subject of the sentence is not the one performing the action, but rather receiving it.""
}",['passive'],"{
  ""Answer"": [""passive""],
  ""Explanation"": ""The sentence contains passive voice verbs such as 'are brought,' 'is judged,' and 'is judging,' where the subject of the sentence is not the one doing the action but receiving the action instead. These passive voice verbs also have 'be' as a helping verb, and the main verb does not end in 'ing.'""
}",['passive'],1
900,[6 9],His warning against making the resistance to jihad a “battle between us and the entire religion” is odd.,Predication,['stative'],['stative'],['stative'],TRUE,['active'],"{
  ""Properties"": [""active""],
  ""Explanation"": ""The text contains an active verb 'is' and a direct object 'odd', which makes use of the active voice. The verb 'is' is the core of the predication, and it is in the active voice.""
}",['active'],"{
  ""Properties"": [""active""],
  ""Explanation"": ""The sentence contains an active verb 'is', which indicates the use of active voice.""
}",['active'],"{
  ""Properties"": [""active""],
  ""Explanation"": ""The text contains an active verb 'is' in the form 'is + adjective' (is odd).""
}",['active'],TRUE,"{
  ""Properties"": [""active""],
  ""Explanation"": ""The sentence contains an active verb 'is' in the form of 'is odd.'""
}",['active'],"{
  ""Properties"": [""active""],
  ""Explanation"": ""The sentence contains an active verb 'is' in the form of 'is odd.'""
}",['active'],"{
  ""Properties"": [""active""],
  ""Explanation"": ""The sentence contains an active verb 'is' in the form of 'is odd.'""
}",['active'],1,['active'],1,0,,['stative'],,"{
  ""Answer"": [""active""],
  ""Explanation"": ""The sentence 'His warning against making the resistance to jihad a “battle between us and the entire religion” is odd.' is in the active voice. The subject 'His warning' is performing the action of 'being odd' in the sentence.""
}",['active'],"{
  ""Answer"": [""passive""],
  ""Explanation"": ""The sentence 'His warning against making the resistance to jihad a “battle between us and the entire religion” is odd.' is in the passive voice. The subject 'His warning' receives the action 'is odd' rather than performing the action. The helping verb 'is' is used, indicating the passive voice.""
}",['passive'],"{
  ""Answer"": [""passive""],
  ""Explanation"": ""The sentence 'His warning against making the resistance to jihad a “battle between us and the entire religion” is odd.' is in the passive voice. The subject 'His warning' receives the action 'is odd' rather than performing the action. The helping verb 'is' is used, indicating the passive voice."" 
}",['passive'],0
953,[6],"And it gets even worse: “The investigation, published Wednesday by the House Permanent Subcommittee on Investigations, further discloses secret efforts by top Obama administration officials to assure European countries they would receive a pass from U.S. sanctions if they engaged in business with Iran.”",Predication,['active'],['active'],['active'],TRUE,"['compound', 'active']","{
  ""Properties"": [""active""],
  ""Explanation"": ""The text contains active verbs, such as 'published', 'discloses', and 'assure'. These verbs show actions being performed by the subject, indicating the use of active predication.""
}",['active'],"{
  ""Properties"": [""active""],
  ""Explanation"": ""The text contains active verbs such as 'published' and 'discloses' which demonstrate actions being performed by the subjects.""
}",['active'],"{
  ""Properties"": [""active""],
  ""Explanation"": ""The sentence contains an active verb 'discloses', which represents an action carried out by the subject 'investigation'.""
}",['active'],TRUE,"{
  ""Properties"": [""active"", ""compound""],
  ""Explanation"": ""The text contains active verbs ('published', 'discloses') and a compound verb structure ('would receive', 'engaged').""
}","['active', 'compound']","{
  ""Properties"": [""active""],
  ""Explanation"": ""The sentence contains active verbs such as 'published', 'discloses', and 'assure', indicating action being performed by the subject.""
}",['active'],"{
  ""Properties"": [""active"", ""compound""],
  ""Explanation"": ""The sentence contains active verbs ('discloses', 'assure') and a compound structure with multiple verbs ('discloses', 'assure') about one subject.""
}","['active', 'compound']",0,"['active', 'compound']",1,0,,['active'],,"{
  ""Answer"": [""passive""],
  ""Explanation"": ""The sentence is in the passive voice because the subject of the sentence ('The investigation') is not the one performing the action. Instead, it is receiving the action ('published'). Additionally, the helping verb 'be' ('published') is used, and the main verb does not end in 'ing.'""
}",['passive'],"{
  ""Answer"": [""passive""],
  ""Explanation"": ""The sentence is in the passive voice because the subject of the sentence ('European countries') is not the one doing the action ('receive a pass from U.S. sanctions'). Instead, they are receiving the action. Additionally, the sentence contains the helping verb 'would receive,' which is a characteristic of passive voice."" 
}",['passive'],"{
  ""Answer"": [""passive""],
  ""Explanation"": ""The sentence is in the passive voice because the subject of the sentence ('The investigation') is not the one performing the action. Instead, it is receiving the action ('published') and 'discloses' is the main verb, which does not end in 'ing.' Additionally, the helping verb 'be' is present ('published').""
}",['passive'],1
1042,[6],Any purge would empty parishes and religious orders of the thousands of priests and bishops who lead healthy lives of service and faithful lives of celibacy.”,Predication,['active'],['active'],['active'],TRUE,"['stative', 'active']","{
  ""Properties"": [""active""],
  ""Explanation"": ""The sentence contains an active verb 'empty' which denotes action being performed.""
}",['active'],"{
  ""Properties"": [""active""],
  ""Explanation"": ""The example contains an active verb 'empty' in 'any purge would empty parishes', indicating the use of active predication.""
}",['active'],"{
  ""Properties"": [""active"", ""stative""],
  ""Explanation"": ""The sentence contains an active verb 'empty' and a stative verb 'lead'. 'Empty' is an active verb describing the potential action of a purge, while 'lead' is a stative verb describing the ongoing state of the priests and bishops.""
}","['active', 'stative']",FALSE,"{
  ""Properties"": [""active"", ""stative""],
  ""Explanation"": ""The sentence contains an active verb 'empty' and a stative verb 'lead' which indicate action and state respectively.""
}","['active', 'stative']","{
  ""Properties"": [""active"", ""stative""],
  ""Explanation"": ""The sentence contains an active verb 'empty' and a stative verb 'lead' which indicate action and state respectively.""
}","['active', 'stative']","{
  ""Properties"": [""active"", ""stative""],
  ""Explanation"": ""The sentence contains an active verb 'empty' and a stative verb 'lead' which indicate action and state respectively.""
}","['active', 'stative']",1,"['active', 'stative']",1,0,,['active'],,"{
  ""Answer"": [""active"", ""passive""],
  ""Explanation"": ""The sentence contains both active and passive voice. The phrase 'who lead healthy lives of service and faithful lives of celibacy' is in active voice, as 'who' is the subject performing the action of leading. The phrase 'would empty parishes and religious orders of the thousands of priests and bishops' is in passive voice, as 'would empty' is a passive construction with 'be' as a helping verb and 'empty' as the main verb."" 
}","['active', 'passive']","{
  ""Answer"": [""active"", ""passive""],
  ""Explanation"": ""The sentence contains both active and passive voice. The phrase 'who lead healthy lives of service and faithful lives of celibacy' is in active voice, as 'who lead' indicates the subject (priests and bishops) performing the action. The phrase 'would empty parishes and religious orders' is in passive voice, as 'would empty' is a form of the verb 'to be' (would be) and 'empty' is the main verb, indicating that the subject (purge) receives the action.""
}","['active', 'passive']","{
  ""Answer"": [""active"", ""passive""],
  ""Explanation"": ""The sentence contains both active and passive voice. The phrase 'who lead healthy lives of service and faithful lives of celibacy' is in active voice, as 'who' refers to the priests and bishops who are performing the action of leading healthy and faithful lives. The phrase 'would empty parishes and religious orders of the thousands of priests and bishops' is in passive voice, as the priests and bishops are the recipients of the action of being emptied from the parishes and religious orders.""
}","['active', 'passive']",1
1225,[6],Democratic Illinois Rep. Danny Davis defended Nation of Islam leader Louis Farrakhan as an “outstanding human being” on Monday.,Predication,['active'],['active'],['active'],TRUE,['active'],"{
  ""Properties"": [""stative""],
  ""Explanation"": ""The sentence contains a stative verb 'defended' which describes the state of the subject 'Danny Davis'. There are no active or compound verbs in this sentence.""
}",['stative'],"{
  ""Properties"": [""stative""],
  ""Explanation"": ""The sentence contains the stative verb 'defended' to express a state of action or being.""
}",['stative'],"{
  ""Properties"": [""stative""],
  ""Explanation"": ""The sentence contains a stative verb 'defended' which describes the state of the action rather than an ongoing action.""
}",['stative'],TRUE,"{
  ""Properties"": [""stative""],
  ""Explanation"": ""The sentence contains a stative verb 'defended' describing the action of Danny Davis.""
}",['stative'],"{
  ""Properties"": [""stative""],
  ""Explanation"": ""The sentence contains a stative verb 'defended' which describes a state of action rather than an active action.""
}",['stative'],"{
  ""Properties"": [""stative""],
  ""Explanation"": ""The sentence contains a stative verb 'defended' which describes the state of the subject 'Danny Davis'.""
}",['stative'],1,['stative'],1,0,,['active'],,"{
  ""Answer"": [""active""],
  ""Explanation"": ""The sentence is in the active voice because the subject (Democratic Illinois Rep. Danny Davis) is performing the action (defended) in the sentence.""
}",['active'],"{
  ""Answer"": [""active""],
  ""Explanation"": ""The sentence is in the active voice because the subject (Democratic Illinois Rep. Danny Davis) is performing the action (defended) in the sentence.""
}",['active'],"{
  ""Answer"": [""active""],
  ""Explanation"": ""The sentence is in the active voice because the subject (Democratic Illinois Rep. Danny Davis) is performing the action (defended) in the sentence.""
}",['active'],1
1300,[1 7 9],"“This is a terrible situation and Attorney General Jeff Sessions should stop this Rigged Witch Hunt right now, before it continues to stain our country any further.",Predication,"['stative', 'active']","['stative', 'active']","['stative', 'active']",TRUE,"['stative', 'active']","{
  ""Properties"": [""active""],
  ""Explanation"": ""The given text contains an active verb 'should stop' as the main predicate.""
}",['active'],"{
  ""Properties"": [""active""],
  ""Explanation"": ""The text contains active verbs such as 'should stop' and 'continues', which indicates action being performed by the subject.""
}",['active'],"{
  ""Properties"": [""active""],
  ""Explanation"": ""The sentence contains the active verb 'should stop', indicating an action being performed by the subject 'Attorney General Jeff Sessions'.""
}",['active'],TRUE,"{
  ""Properties"": [""active""],
  ""Explanation"": ""The text contains an active verb 'should stop' which indicates an action performed by the subject 'Attorney General Jeff Sessions'.""
}",['active'],"{
  ""Properties"": [""active""],
  ""Explanation"": ""The text contains active verbs such as 'is' and 'should stop'.""
}",['active'],"{
  ""Properties"": [""active""],
  ""Explanation"": ""The text contains active verbs such as 'is' and 'should stop'. These active verbs indicate action being performed by the subject.""
}",['active'],1,['active'],1,0,,"['stative', 'active']",,"{
  ""Answer"": [""active""],
  ""Explanation"": ""The sentence is in the active voice because the subject 'Attorney General Jeff Sessions' is performing the action of 'should stop' in the sentence.""
}",['active'],"{
  ""Answer"": [""active""],
  ""Explanation"": ""The sentence is in the active voice because the subject 'Attorney General Jeff Sessions' is performing the action of 'should stop' in the sentence.""
}",['active'],"{
  ""Answer"": [""active""],
  ""Explanation"": ""The sentence is in the active voice because the subject 'Attorney General Jeff Sessions' is performing the action of 'should stop' in the sentence.""
}",['active'],1
1407,[7],And it’s a problem not just in West Virginia – it’s a national problem.,Predication,['stative'],['stative'],['stative'],TRUE,['stative'],"{
  ""Properties"": [""compound""],
  ""Explanation"": ""The sentence contains multiple verbs ('is', 'problem') about one subject ('it').""
}",['compound'],"{
  ""Properties"": [
    ""compound""
  ],
  ""Explanation"": ""The sentence contains a compound predicate 'is' and 'problem'. Both verbs are about the same subject 'it'.""
}",['compound'],"{
  ""Properties"": [""stative""],
  ""Explanation"": ""The sentence contains a stative verb 'is', which denotes a state of being ('is a national problem'). There are no active or compound verbs present in the given example.""
}",['stative'],FALSE,"{
  ""Properties"": [""compound""],
  ""Explanation"": ""The sentence contains a compound verb structure with 'is' and 'problem' as the verbs about the subject 'it'.""
}",['compound'],"{
  ""Properties"": [""stative""],
  ""Explanation"": ""The sentence contains the stative verb 'is' in the phrase 'it's a national problem.' This indicates a state of being rather than an action.""
}",['stative'],"{
  ""Properties"": [""compound""],
  ""Explanation"": ""The sentence contains a compound verb structure with 'is' and 'problem' as the verbs about the subject 'it'.""
}",['compound'],0,['compound'],1,0,,['stative'],,"{
  ""Answer"": [""active""],
  ""Explanation"": ""The sentence 'And it’s a problem not just in West Virginia – it’s a national problem.' is in the active voice. The subject 'it' is performing the action of being a problem, making it an active voice sentence.""
}",['active'],"{
  ""Answer"": [""active""],
  ""Explanation"": ""The sentence 'And it’s a problem not just in West Virginia – it’s a national problem.' is in the active voice because the subject 'it' is performing the action of being a problem, rather than receiving the action.""
}",['active'],"{
  ""Answer"": [""active""],
  ""Explanation"": ""The sentence 'And it’s a problem not just in West Virginia – it’s a national problem.' is in the active voice. The subject 'it' is performing the action of being a problem, making it an active voice sentence.""
}",['active'],1
1535,[8 8 5],This stunning tower audio once again provides proof that the entire narrative that claims that Stephen Paddock operated alone from the 32nd floor of the Mandalay Bay Hotel is complete nonsense and that authorities are actually actively covering up what really happened on that fateful night.,Predication,"['stative', 'active']","['stative', 'active']","['stative', 'active']",TRUE,"['compound', 'active']","{
  ""Properties"": [""active""],
  ""Explanation"": ""The text contains active verbs like 'provides' and 'claims', indicating the use of active voice.""
}",['active'],"{
  ""Properties"": [
    ""active""
  ],
  ""Explanation"": ""The text contains active verbs such as 'provides', 'claims', 'is', and 'are'. These active verbs indicate that the subject of the sentence is performing the action.""
}",['active'],"{
  ""Properties"": [""active""],
  ""Explanation"": ""The example text contains active verbs, such as 'provides', 'claims', 'is', 'covering', and 'happened', which indicate actions taken by the subject.""
}",['active'],TRUE,"{
  ""Properties"": [""active""],
  ""Explanation"": ""The text contains active verbs such as 'provides', 'claims', 'is', 'covering'. These active verbs indicate actions being performed by the subjects.""
}",['active'],"{
  ""Properties"": [""active""],
  ""Explanation"": ""The text contains active verbs such as 'provides', 'claims', 'is', and 'covering'. These verbs indicate actions or states of being.""
}",['active'],"{
  ""Properties"": [""active""],
  ""Explanation"": ""The text contains active verbs such as 'provides', 'claims', 'is', and 'covering', indicating the use of active voice.""
}",['active'],1,['active'],1,0,,"['stative', 'active']",,"{
  ""Answer"": [""active"", ""passive""],
  ""Explanation"": ""The sentence contains both active and passive voice. The active voice is present in the phrase 'authorities are actually actively covering up,' where 'authorities' is the subject performing the action. The passive voice is present in the phrase 'the entire narrative that claims that Stephen Paddock operated alone,' where 'the entire narrative' is the subject receiving the action."" 
}","['active', 'passive']","{
  ""Answer"": [""active"", ""passive""],
  ""Explanation"": ""The sentence contains both active and passive voice. The active voice is present in the phrase 'authorities are actually actively covering up,' where 'authorities' is the subject performing the action. The passive voice is present in the phrase 'that claims that Stephen Paddock operated alone,' where 'Stephen Paddock' is the subject receiving the action, and 'operated' is the main verb with 'be' as a helping verb ('is').""
}","['active', 'passive']","{
  ""Answer"": [""active"", ""passive""],
  ""Explanation"": ""The sentence contains both active and passive voice. The active voice is present in the phrase 'authorities are actually actively covering up,' where 'authorities' is the subject performing the action. The passive voice is present in the phrase 'Stephen Paddock operated alone from the 32nd floor of the Mandalay Bay Hotel is complete nonsense,' where 'Stephen Paddock' is the subject receiving the action."" 
}","['active', 'passive']",1
1699,[8],"He said the group was a toothless, paper-shuffling exercise.",Predication,"['stative', 'active']","['stative', 'active']","['stative', 'active']",TRUE,"['stative', 'active']","{
  ""Properties"": [""active"", ""compound""],
  ""Explanation"": ""The sentence contains an active verb 'said' and a compound structure with 'said' and 'was' both being verbs about the same subject 'the group'.""
}","['active', 'compound']","{
  ""Properties"": [""active"", ""stative""],
  ""Explanation"": ""The sentence contains an active verb 'said' and a stative verb 'was'.""
}","['active', 'stative']","{
  ""Properties"": [""active"", ""stative""],
  ""Explanation"": ""The sentence contains both an active verb 'said' and a stative verb 'was'.""
}","['active', 'stative']",FALSE,"{
  ""Properties"": [""active"", ""stative""],
  ""Explanation"": ""The sentence contains an active verb 'said' and a stative verb 'was'.""
}","['active', 'stative']","{
  ""Properties"": [""active"", ""stative""],
  ""Explanation"": ""The sentence contains an active verb 'said' and a stative verb 'was'.""
}","['active', 'stative']","{
  ""Properties"": [""active"", ""stative""],
  ""Explanation"": ""The sentence contains an active verb 'said' and a stative verb 'was'.""
}","['active', 'stative']",1,"['active', 'stative']",1,1,,"['stative', 'active']",,"{
  ""Answer"": [""passive""],
  ""Explanation"": ""The sentence 'He said the group was a toothless, paper-shuffling exercise' is in the passive voice. The subject 'the group' is receiving the action of being described as a 'toothless, paper-shuffling exercise' rather than performing the action."" 
}",['passive'],"{
  ""Answer"": [""passive""],
  ""Explanation"": ""The sentence 'He said the group was a toothless, paper-shuffling exercise' is in the passive voice. The subject 'the group' is receiving the action of being described as 'a toothless, paper-shuffling exercise.' The helping verb 'was' indicates the passive voice, and the main verb 'shuffling' does not end in 'ing,' which is consistent with the passive voice construction."" 
}",['passive'],"{
  ""Answer"": [""passive""],
  ""Explanation"": ""The sentence 'He said the group was a toothless, paper-shuffling exercise' is in the passive voice. The subject 'the group' is receiving the action of being described as a 'toothless, paper-shuffling exercise.' The helping verb 'was' is used, indicating the passive voice.""
}",['passive'],1
2116,[8],The case of the Netherlands is downright bizarre; sisters so old that even the federation structures are breaking down.,Predication,"['stative', 'active']","['stative', 'active']","['stative', 'active']",TRUE,['active'],"{
  ""Properties"": [""active""],
  ""Explanation"": ""The phrase 'is breaking down' contains an active verb 'breaking', which indicates ongoing action""
}",['active'],"{
  ""Properties"": [""active""],
  ""Explanation"": ""The sentence contains an active verb 'is' and 'are breaking down' which indicates an action performed by the subject 'sisters'.""
}",['active'],"{
  ""Properties"": [""active""],
  ""Explanation"": ""The sentence contains an active verb 'is', indicating action by the subject 'the case of the Netherlands'.""
}",['active'],TRUE,"{
  ""Properties"": [""stative""],
  ""Explanation"": ""The sentence contains a stative verb 'is' which indicates a state of being or existence.""
}",['stative'],"{
  ""Properties"": [""stative""],
  ""Explanation"": ""The sentence contains a stative verb 'is' indicating a state of being.""
}",['stative'],"{
  ""Properties"": [""active""],
  ""Explanation"": ""The sentence contains an active verb 'is' which indicates an action being performed by the subject 'the case of the Netherlands'.""
}",['active'],0,['stative'],1,0,,"['stative', 'active']",,"{
  ""Answer"": [""active"", ""passive""],
  ""Explanation"": ""The sentence contains both active and passive voice. 'The case of the Netherlands is downright bizarre' is in the passive voice, as the subject 'the case of the Netherlands' receives the action. 'Sisters so old that even the federation structures are breaking down' is in the active voice, as the subject 'sisters' is performing the action of being so old that the federation structures are breaking down.""
}","['active', 'passive']","{
  ""Answer"": [""active"", ""passive""],
  ""Explanation"": ""The sentence contains both active and passive voice. 'The case of the Netherlands is downright bizarre' is in the passive voice, as the subject 'the case of the Netherlands' receives the action. 'Sisters so old that even the federation structures are breaking down' is in the active voice, as the subject 'sisters' is performing the action of being so old that the federation structures are breaking down.""
}","['active', 'passive']","{
  ""Answer"": [""active"", ""passive""],
  ""Explanation"": ""The sentence contains both active and passive voice. 'The case of the Netherlands is downright bizarre' is in the passive voice, as 'is' is a helping verb and 'bizarre' is the main verb. 'Sisters so old that even the federation structures are breaking down' is in the active voice, as 'sisters' is the subject performing the action of 'breaking down.'""
}","['active', 'passive']",1
2508,[8],"“It was a foolish mistake by a very young man,” Saucier’s lawyer, Greg Rinckey, said.",Predication,"['stative', 'active']","['stative', 'active']","['stative', 'active']",TRUE,"['stative', 'active']","{
  ""Properties"": [""active""],
  ""Explanation"": ""The sentence contains an active verb 'said' in the form 'Greg Rinckey said.'""
}",['active'],"{
  ""Properties"": [""active""],
  ""Explanation"": ""The sentence contains an active verb 'said', which indicates an action performed by the subject 'Greg Rinckey'.""
}",['active'],"{
  ""Properties"": [
    ""active""
  ],
  ""Explanation"": ""The sentence contains the active verb 'said.'""
}",['active'],TRUE,"{
  ""Properties"": [""active""],
  ""Explanation"": ""The sentence contains an active verb 'said', which is a clear indication of the active voice.""
}",['active'],"{
  ""Properties"": [""active""],
  ""Explanation"": ""The sentence contains an active verb 'said', which is a key property of Predication.""
}",['active'],"{
  ""Properties"": [""active""],
  ""Explanation"": ""The sentence contains an active verb 'said' with a clear subject 'Greg Rinckey' performing the action.""
}",['active'],1,['active'],1,0,,"['stative', 'active']",,"{
  ""Answer"": [""passive""],
  ""Explanation"": ""The sentence 'It was a foolish mistake by a very young man,' is in the passive voice because the subject 'a foolish mistake' is receiving the action rather than performing it. The helping verb 'was' is used, indicating the passive voice.""
}",['passive'],"{
  ""Answer"": [""passive""],
  ""Explanation"": ""The sentence 'It was a foolish mistake by a very young man,' is in the passive voice because the subject 'a foolish mistake' is receiving the action rather than performing it. The helping verb 'was' is used, indicating the passive voice.""
}",['passive'],"{
  ""Answer"": [""passive""],
  ""Explanation"": ""The sentence 'It was a foolish mistake by a very young man,' is in the passive voice. The subject 'a foolish mistake' receives the action, and 'was' is used as a helping verb, indicating the passive voice.""
}",['passive'],1
2629,[ 8 13],ADVANTAGE AMERICANS,Predication,[],[],[],TRUE,[],"{
  ""Properties"": [],
  ""Explanation"": ""The provided text contains no verbs, so no properties of predication are used.""
}",[],"{
  ""Properties"": [""stative""],
  ""Explanation"": ""The text only contains a stative verb 'AMERICANS'. This verb is not actively doing anything, it simply denotes a state of being.""
}",['stative'],"{
  ""Properties"": [],
  ""Explanation"": ""The example does not contain any active, stative, or compound predicates. It is a simple statement without any verbal components.""
}",[],FALSE,"{
  ""Properties"": [""compound""],
  ""Explanation"": ""The text contains a compound predicate with the verbs 'advantage' and 'Americans' both referring to the same subject.""
}",['compound'],"{
  ""Properties"": [""active""],
  ""Explanation"": ""The text contains an active verb 'advantage' which is a verb directly performed by the subject 'Americans'.""
}",['active'],"{
  ""Properties"": [],
  ""Explanation"": ""The example text does not contain any active, stative, or compound predicates. It is a simple noun phrase without any verbal elements.""
}",[],0,['compound'],1,1,,[],,"{
  ""Answer"": [],
  ""Explanation"": ""The sentence 'ADVANTAGE AMERICANS' does not contain a verb, and therefore, it does not exhibit active, passive, or compound voice. It is a sentence fragment or a headline that lacks a verb and does not convey a complete action, making it impossible to categorize it based on voice."" 
}",[],"{
  ""Answer"": [],
  ""Explanation"": ""The sentence 'ADVANTAGE AMERICANS' does not contain a verb, and therefore, it does not exhibit active, passive, or compound voice. It is a sentence fragment or a headline that lacks a verb, making it difficult to determine the voice being used."" 
}",[],"{
  ""Answer"": [""Active""],
  ""Explanation"": ""The sentence 'ADVANTAGE AMERICANS' is in the active voice. It is a command or a statement where the subject 'AMERICANS' is directly performing the action implied by the verb 'ADVANTAGE.' In this case, 'AMERICANS' are the ones who have the advantage.""
}",['active'],1
2871,[8],"While it earlier made attempts to balance its shoddier side with some interesting reporting, it is now solidly main stream in the worst sense.",Predication,"['stative', 'active']","['stative', 'active']","['stative', 'active']",TRUE,"['stative', 'active']","{
  ""Properties"": [""active""],
  ""Explanation"": ""The sentence contains an active verb 'made' in the past tense, which indicates an action performed by the subject.""
}",['active'],"{
  ""Properties"": [""active""],
  ""Explanation"": ""The sentence contains the active verb 'made' and 'balance' which signify action being performed.""
}",['active'],"{
  ""Properties"": [""active"", ""compound""]
}","['active', 'compound']",FALSE,"{
  ""Properties"": [""active""],
  ""Explanation"": ""The sentence contains active verbs such as 'made', 'balance', and 'reporting', which indicate actions being performed.""
}",['active'],"{
  ""Properties"": [""active"", ""compound""],
  ""Explanation"": ""The sentence contains active verbs ('made', 'balance', 'reporting', 'is') and also has a compound structure with multiple verbs ('made', 'balance').""
}","['active', 'compound']","{
  ""Properties"": [""active""],
  ""Explanation"": ""The sentence contains an active verb 'made' which indicates an action performed by the subject.""
}",['active'],0,['active'],0,0,,['compound'],,"{
  ""Answer"": [""passive""],
  ""Explanation"": ""The sentence 'While it earlier made attempts to balance its shoddier side with some interesting reporting, it is now solidly main stream in the worst sense.' is in the passive voice. The subject 'it' is receiving the action rather than performing it, and the helping verb 'is' is present, indicating the passive voice."" 
}",['passive'],"{
  ""Answer"": [""passive""],
  ""Explanation"": ""The sentence 'While it earlier made attempts to balance its shoddier side with some interesting reporting, it is now solidly main stream in the worst sense.' is in the passive voice. The subject 'it' is receiving the action of being 'solidly main stream' rather than performing the action."" 
}",['passive'],"{
  ""Answer"": [""passive""],
  ""Explanation"": ""The sentence 'While it earlier made attempts to balance its shoddier side with some interesting reporting, it is now solidly main stream in the worst sense.' is in the passive voice. The subject 'it' is receiving the action of being 'solidly main stream' rather than performing the action."" 
}",['passive'],1
3062,[ 9  9 13  9  9],"That be far from thee to do after this manner, to slay the righteous with the wicked: and that the righteous should be as the wicked, that be far from thee: Shall not the Judge of all the earth do right?",Predication,"['stative', 'active']","['stative', 'active']","['stative', 'active']",TRUE,"['stative', 'active']","{
  ""Properties"": [""stative""],
  ""Explanation"": ""The text contains stative verbs like 'be' and 'do', which express a state rather than an action.""
}",['stative'],"{
  ""Properties"": [""stative""],
  ""Explanation"": ""The text contains stative verbs such as 'be' and 'do' which describe a state of being or a state of action rather than an ongoing action or process.""
}",['stative'],"{
  ""Properties"": [""stative""],
  ""Explanation"": ""The text contains stative verbs, such as 'be' and 'should be', which express a state of being rather than action.""
}",['stative'],TRUE,"{
  ""Properties"": [""stative""],
  ""Explanation"": ""The text contains stative verbs such as 'be' and 'do', which express a state of being or existence rather than action.""
}",['stative'],"{
  ""Properties"": [""stative""],
  ""Explanation"": ""The text contains stative verbs such as 'be' and 'do', which express a state rather than an action.""
}",['stative'],"{
  ""Properties"": [""stative""],
  ""Explanation"": ""The text contains stative verbs such as 'be' and 'do', which express a state of being or existence rather than action.""
}",['stative'],1,['stative'],1,0,,"['stative', 'active']",,"{
  ""Answer"": [""passive""],
  ""Explanation"": ""The sentence 'That be far from thee to do after this manner, to slay the righteous with the wicked: and that the righteous should be as the wicked, that be far from thee: Shall not the Judge of all the earth do right?' is in the passive voice. It contains the passive construction 'be far from thee' and 'be as the wicked,' where the subject of the sentence is not the one doing the action, and 'be' is used as a helping verb.""
}",['passive'],"{
  ""Answer"": [""passive""],
  ""Explanation"": ""The sentence 'That be far from thee to do after this manner, to slay the righteous with the wicked: and that the righteous should be as the wicked, that be far from thee: Shall not the Judge of all the earth do right?' is in the passive voice. It contains the passive construction 'be far from thee' and 'be as the wicked,' where the subject of the sentence is not the one doing the action, but rather receiving the action. Additionally, it uses 'be' as a helping verb, which is characteristic of passive voice constructions.""
}",['passive'],"{
  ""Answer"": [""passive""],
  ""Explanation"": ""The sentence 'That be far from thee to do after this manner, to slay the righteous with the wicked: and that the righteous should be as the wicked, that be far from thee: Shall not the Judge of all the earth do right?' is in the passive voice. It uses 'be' as a helping verb ('be far') and the main verb 'do' does not end in 'ing.' The subject of the sentence is not the one doing the action, but rather receiving the action."" 
}",['passive'],1
3249,[9],When Cain complains that being a “vagabond .,Predication,['active'],['active'],['active'],TRUE,['active'],"{
  ""Properties"": [""stative""],
  ""Explanation"": ""The sentence contains the stative verb 'being' which describes a state of existence rather than an action.""
}",['stative'],"{
  ""Properties"": [""stative""],
  ""Explanation"": ""The example contains a stative verb 'complains.' Stative verbs express a state or condition rather than an action.""
}",['stative'],"{
  ""Properties"": [""stative""],
  ""Explanation"": ""The text contains a stative verb 'complains', which describes a state of being rather than an action.""
}",['stative'],TRUE,"{
  ""Properties"": [""stative""],
  ""Explanation"": ""The text contains a stative verb 'being' which expresses a state of being rather than an action.""
}",['stative'],"{
  ""Properties"": [""stative""],
  ""Explanation"": ""The text contains a stative verb 'being' which describes a state of being rather than an action.""
}",['stative'],"{
  ""Properties"": [""stative""],
  ""Explanation"": ""The text contains a stative verb 'being' which describes a state of existence rather than an action.""
}",['stative'],1,['stative'],1,0,,['active'],,"{
  ""Answer"": [""passive""],
  ""Explanation"": ""The sentence 'When Cain complains that being a “vagabond' is in passive voice. The subject 'Cain' is not performing the action but receiving it, as indicated by the use of 'being' as a helping verb and 'complains' as the main verb."" 
}",['passive'],"{
  ""Answer"": [""passive""],
  ""Explanation"": ""The sentence 'When Cain complains that being a “vagabond' is in passive voice. The subject 'Cain' is not performing the action but receiving it, as indicated by the use of 'being' as a helping verb and 'complains' as the main verb."" 
}",['passive'],"{
  ""Answer"": [""passive""],
  ""Explanation"": ""The sentence 'When Cain complains that being a “vagabond' is in passive voice. The subject 'Cain' is receiving the action of complaining, and 'being' is used as a helping verb, indicating the passive voice."" 
}",['passive'],1
3374,[4 9],"For Faggioli, not only would Bergoglio’s resignation be unthinkable, so also would a purge of the homosexual and pro-homosexual prelates Bergoglio and his Vatican henchmen have systematically enabled.",Predication,"['stative', 'active']","['stative', 'active']","['stative', 'active']",TRUE,"['compound', 'active']","{
  ""Properties"": [""compound""],
  ""Explanation"": ""The example contains a compound structure with two verbs 'would be' and 'have systematically enabled' in relation to the same subject 'Bergoglio'.""
}",['compound'],"{
  ""Properties"": [""active"", ""compound""],
  ""Explanation"": ""The sentence contains active verbs ('would be', 'have enabled') and a compound structure with multiple verbs about one subject ('would be', 'have enabled').""
}","['active', 'compound']","{
  ""Properties"": [""compound""],
  ""Explanation"": ""The sentence contains a compound structure with two verbs 'would be' and 'have enabled' related to the subject 'Bergoglio and his Vatican henchmen'.""
}",['compound'],FALSE,"{
  ""Properties"": [""active""],
  ""Explanation"": ""The text contains active verbs such as 'would be', 'have systematically enabled'. These active verbs indicate actions being performed by the subjects.""
}",['active'],"{
  ""Properties"": [""active"", ""compound""],
  ""Explanation"": ""The sentence contains active verbs ('would be', 'have enabled') and also has a compound structure with multiple verbs ('would be', 'have enabled') about one subject.""
}","['active', 'compound']","{
  ""Properties"": [""compound""],
  ""Explanation"": ""The sentence contains a compound structure with multiple verbs ('would be', 'have enabled') about one subject ('Bergoglio').""
}",['compound'],0,['active'],1,0,,"['stative', 'active']",,"{
  ""Answer"": [""passive"", ""active""],
  ""Explanation"": ""The sentence contains both passive and active voice. The passive voice is used in 'Bergoglio’s resignation be unthinkable' and 'a purge of the homosexual and pro-homosexual prelates Bergoglio and his Vatican henchmen have systematically enabled.' The active voice is used in 'Bergoglio and his Vatican henchmen have systematically enabled.'""
}","['passive', 'active']","{
  ""Answer"": [""passive"", ""active""],
  ""Explanation"": ""The sentence contains both passive and active voice. The passive voice is used in 'Bergoglio’s resignation be unthinkable' and 'a purge of the homosexual and pro-homosexual prelates Bergoglio and his Vatican henchmen have systematically enabled.' The active voice is used in 'Bergoglio and his Vatican henchmen have systematically enabled.'""
}","['passive', 'active']","{
  ""Answer"": [""passive"", ""active""],
  ""Explanation"": ""The sentence contains both passive and active voice. The first part 'For Faggioli, not only would Bergoglio’s resignation be unthinkable' is in the passive voice, as 'be' is used as a helping verb and 'resignation' receives the action. The second part 'Bergoglio and his Vatican henchmen have systematically enabled' is in the active voice, as 'Bergoglio and his Vatican henchmen' are the ones performing the action of enabling."" 
}","['passive', 'active']",1
3387,[ 8  9 13  8  9],"This will be a final victory over the enemies within and their apologists, such as Faggioli, who, in typical neo-Catholic style, imperiously scoffs at the notion of “a young clergy marked by personal sanctity but also by a fascination for a mythical Middle Ages” and busies himself defending an unsalvageable mass of corruption he dares to describe as “a Church-world relationship based on a principle of reality.”",Predication,"['stative', 'active']","['stative', 'active']","['stative', 'active']",TRUE,"['stative', 'compound', 'active']","{
  ""Properties"": [""active"", ""stative""],
  ""Explanation"": ""The text contains both active verbs such as 'scoffs' and a stative verb 'is' in the phrase 'who, in typical neo-Catholic style, imperiously scoffs at the notion of.'""
}","['active', 'stative']","{
  ""Properties"": [""active""],
  ""Explanation"": ""The example contains active verbs such as 'imperiously scoffs' and 'busies himself defending', which indicates the use of active predication.""
}",['active'],"{
  ""Properties"": [""active"", ""compound""],
  ""Explanation"": ""The text contains active verbs ('be', 'win') and it also has compound verbs ('be', 'scoffs', 'busies', 'defending').""
}","['active', 'compound']",FALSE,"{
  ""Properties"": [""active"", ""stative""],
  ""Explanation"": ""The text contains both active verbs (e.g., 'imperiously scoffs', 'busies himself defending') and stative verbs (e.g., 'is', 'marked', 'describes').""
}","['active', 'stative']","{
  ""Properties"": [""active"", ""stative""],
  ""Explanation"": ""The text contains both active verbs (e.g. 'imperiously scoffs', 'busies himself defending') and stative verbs (e.g. 'is', 'marked', 'describes').""
}","['active', 'stative']","{
  ""Properties"": [""active"", ""stative""],
  ""Explanation"": ""The text contains both active verbs (e.g. 'defending', 'describes') and stative verbs (e.g. 'is', 'busies').""
}","['active', 'stative']",1,"['active', 'stative']",1,1,,"['stative', 'active']",,"{
  ""Answer"": [""passive""],
  ""Explanation"": ""The sentence 'This will be a final victory over the enemies within and their apologists' is in the passive voice. The subject 'victory' receives the action 'will be' rather than performing the action itself. The passive construction 'will be' is used, indicating that this sentence is in the passive voice.""
}",['passive'],"{
  ""Answer"": [""passive""],
  ""Explanation"": ""The sentence 'This will be a final victory over the enemies within and their apologists, such as Faggioli...' is in the passive voice. The subject of the sentence ('This') is not performing the action ('a final victory over the enemies within and their apologists'), but rather receiving it. The passive construction is evident with the use of 'be' as a helping verb ('will be') and the main verb ('victory') not ending in 'ing.'""
}",['passive'],"{
  ""Answer"": [""passive""],
  ""Explanation"": ""The sentence 'This will be a final victory over the enemies within and their apologists, such as Faggioli...' is in the passive voice. The subject of the sentence ('This') is not performing the action ('a final victory over the enemies within and their apologists'), but rather receiving the action. The helping verb 'be' is used ('will be'), and the main verb does not end in 'ing.'""
}",['passive'],1
3785,[10],“When something is coming up and down or at least from a different angle they are either going to hit the ground or… alot of different things are going to happen.,Predication,['active'],['active'],['active'],TRUE,['active'],"{
  ""Properties"": [""stative""],
  ""Explanation"": ""The sentence contains a stative verb 'is' in the phrase 'something is coming up'. This indicates a state of being rather than an action.""
}",['stative'],"{
  ""Properties"": [""active""],
  ""Explanation"": ""The text contains active verbs indicating action such as 'coming up', 'going to hit', and 'are going to happen.'""
}",['active'],"{
  ""Properties"": [""active"", ""compound""],
  ""Explanation"": ""The text contains active verbs (is coming, are going) and a compound structure with multiple verbs (are going to hit, are going to happen).""
}","['active', 'compound']",FALSE,"{
  ""Properties"": [""stative""],
  ""Explanation"": ""The text contains a stative verb 'is' in the phrase 'is coming up', which indicates a state of being rather than an action.""
}",['stative'],"{
  ""Properties"": [""stative""],
  ""Explanation"": ""The sentence contains a stative verb 'is' and an adjective 'different' which describes the state of something.""
}",['stative'],"{
  ""Properties"": [""stative""],
  ""Explanation"": ""The sentence contains a stative verb 'is' and an adjective 'different' which indicates a state of being rather than action.""
}",['stative'],1,['stative'],1,0,,['active'],,"{
  ""Answer"": [""active"", ""passive""],
  ""Explanation"": ""The sentence contains both active and passive voice. The phrase 'something is coming up and down' is in the active voice, where 'something' is the subject performing the action. On the other hand, 'they are either going to hit the ground' is in the passive voice, with 'they' as the subject receiving the action. The presence of 'is' as a helping verb and 'going to' as the main verb indicates the passive voice construction.""
}","['active', 'passive']","{
  ""Answer"": [""active"", ""passive""],
  ""Explanation"": ""The sentence contains both active and passive voice. The phrase 'something is coming up and down' is in the active voice, where 'something' is the subject performing the action. The phrase 'they are either going to hit the ground' is in the passive voice, with 'they' as the subject receiving the action. Therefore, the sentence exhibits both active and passive voice, making it a compound voice sentence.""
}","['active', 'passive']","{
  ""Answer"": [""active"", ""passive""],
  ""Explanation"": ""The sentence contains both active and passive voice. The phrase 'something is coming up and down' is in the active voice, where 'something' is the subject performing the action of coming up and down. The phrase 'they are either going to hit the ground' is in the passive voice, where 'they' receive the action of hitting the ground. Therefore, the sentence exhibits both active and passive voice, making it a compound voice sentence.""
}","['active', 'passive']",1