sentence_id,technique,text,feature_id,props_a20,props_a21,props_a22,annotator_consistency,props_gpt4_majority,res_1.0_1,gpt_props_1.0_1,res_1.0_2,gpt_props_1.0_2,res_1.0_3,gpt_props_1.0_3,gpt3.5_1.0_consistency,res_0.2_1,gpt_props_0.2_1,res_0.2_2,gpt_props_0.2_2,res_0.2_3,gpt_props_0.2_3,gpt3.5_0.2_consistency,gpt3.5_0.2_majority,humans isCorrect,gpt isCorrect,comments,ground truth,res_FT_B_gpt3.5_0.0_V3_2,property_FT_B_gpt3.5_0.0_V3_2
320,[ 3 16],There will be no turning back.,Aspect,['simple'],['simple'],['simple'],True,['simple'],"{
    ""Properties"": [""future""],
    ""Explanation"": ""The use of 'will' indicates a future action, so the aspect property 'future' is present.""
}",[''],"{
  ""Properties"": [""future""]
  ,""Explanation"": ""The use of 'will' indicates a future action, indicating the usage of the future aspect.""
}",[''],"{
  ""Properties"": [""future""],
  ""Explanation"": ""The phrase 'will be' indicates a future action, suggesting a prediction or a promise. This usage does not fall into any of the specified aspect properties.""
}",[''],1,"{
  ""Properties"": [""future""],
  ""Explanation"": ""The use of 'will be' indicates a future action, suggesting that the turning back has not yet occurred.""
}",[''],"{
  ""Properties"": [""future""]
}",[''],"{
  ""Properties"": [""future""],
  ""Explanation"": ""The use of 'will be' indicates a future action, suggesting that the action of 'turning back' has not yet occurred.""
}",[''],1,[''],1,0,gpt inserted its own property,['simple'],"[{'Answer': 'no', 'Explanation': 'The sentence There will be no turning back does not utilize the simple aspect. It uses the future progressive aspect, indicated by the use of will be and the present participle turning.', 'Property': 'simple'}, {'Answer': 'no', 'Explanation': 'The sentence There will be no turning back does not utilize the perfect aspect. The use of will be indicates future tense, and there is no indication of a completed action, which is characteristic of the perfect aspect.', 'Property': 'perfect'}, {'Answer': 'no', 'Explanation': 'The sentence There will be no turning back does not utilize the progressive aspect. The verb turning is in the future tense, but it does not indicate an ongoing, habitual, or incomplete action, which are characteristic of the progressive aspect.', 'Property': 'progressive'}, {'Answer': 'no', 'Explanation': 'The sentence There will be no turning back does not utilize the perfect progressive aspect. The perfect progressive aspect requires the use of the auxiliary verbs has been or have been followed by a present participle, indicating an ongoing action that started in the past and continues up to the present or a specific point in the past. In the given sentence, will be is used, indicating future tense, but not the perfect progressive aspect.', 'Property': 'perfect progressive'}]",[]
375,[4],"Despite the fact that it was instituted by God Himself, growing numbers of Catholics actually consider it immoral.",Aspect,['simple'],['simple'],['simple'],True,['simple'],"{
  ""Properties"": [""simple""],
  ""Explanation"": ""The sentence expresses a simple fact about growing numbers of Catholics considering something immoral.""
}",['simple'],"{
  ""Properties"": [""simple""]
}",['simple'],"{
  ""Properties"": [""progressive""],
  ""Explanation"": ""The use of 'growing' indicates an ongoing or increasing action, suggesting a progressive aspect.""
}",['progressive'],0,"{
  ""Properties"": [""progressive""],
  ""Explanation"": ""The use of 'growing' indicates an ongoing or increasing action, suggesting a progressive aspect.""
}",['progressive'],"{
  ""Properties"": [""progressive""],
  ""Explanation"": ""The use of 'growing' indicates an ongoing or increasing action, suggesting the progressive aspect.""
}",['progressive'],"{
  ""Properties"": [""progressive""],
  ""Explanation"": ""The use of 'growing' indicates an ongoing or increasing action, suggesting the progressive aspect.""
}",['progressive'],1,['progressive'],1,0,gtp mistook adjective for verb (growing),['simple'],"[{'Answer': 'no', 'Explanation': 'The sentence does not utilize the simple aspect. The use of growing indicates a continuous or progressive aspect, rather than a simple fact.', 'Property': 'simple'}, {'Answer': 'no', 'Explanation': 'The given sentence does not utilize the perfect aspect. The verb was instituted is in the past tense, but it does not express a completed action; rather, it describes an action that occurred in the past without emphasizing its completion. Therefore, the sentence does not employ the perfect aspect.', 'Property': 'perfect'}, {'Answer': 'yes', 'Explanation': 'The sentence growing numbers of Catholics actually consider it immoral utilizes the progressive aspect, as it expresses an ongoing action of the numbers of Catholics growing.', 'Property': 'progressive'}, {'Answer': 'no', 'Explanation': 'The sentence does not utilize the perfect progressive aspect. The verb growing is in the present participle form, indicating ongoing action, but it does not include the auxiliary verbs has been that are necessary for the perfect progressive aspect.', 'Property': 'perfect progressive'}]",['progressive']
595,[9 5],The four page email begins with Murillo claiming she and others at Google were engaged in non-partisan activities not designed to help any one candidate or another—only to undercut her own commentary in later passages in the emails by openly admitting the entire effort to boost Latino turnout using Google products with official company resources was to elect Clinton over Trump.,Aspect,['simple'],['simple'],['simple'],True,['simple'],"{
  ""Properties"": [""simple"", ""perfect"", ""progressive""],
  ""Explanation"": ""The sentence includes the use of 'were engaged' (progressive) and 'was to elect' (simple) indicating ongoing and completed actions.""
}","['simple', 'perfect', 'progressive']","{
  ""Properties"": [""simple"", ""perfect""],
  ""Explanation"": ""The sentence 'Murillo claiming she and others at Google were engaged' uses the simple aspect to express a simple fact. The phrase 'had been engaged' uses the perfect aspect to express a completed action.""
}","['simple', 'perfect']","{
  ""Properties"": [""simple""],
  ""Explanation"": ""The sentence expresses a simple fact about the past events recounted in the email.""
}",['simple'],0,"{
  ""Properties"": [""simple"", ""perfect"", ""progressive""],
  ""Explanation"": ""The sentence contains a simple fact ('Murillo claiming'), a completed action ('admitting'), and an ongoing action ('were engaged').""
}","['simple', 'perfect', 'progressive']","{
  ""Properties"": [""simple"", ""perfect"", ""progressive""],
  ""Explanation"": ""The sentence contains simple aspect to express a simple fact ('Murillo claiming...') and perfect aspect to express a completed action ('was engaged'). It also contains progressive aspect to express an ongoing action ('using Google products').""
}","['simple', 'perfect', 'progressive']","{
  ""Properties"": [""simple"", ""progressive""],
  ""Explanation"": ""The sentence 'Murillo claiming she and others at Google were engaged' uses the simple aspect to express a simple fact. The phrase 'using Google products with official company resources was to elect Clinton over Trump' uses the progressive aspect to express an ongoing action.""
}","['simple', 'progressive']",0,"['simple', 'perfect', 'progressive']",0,0,the correct answer is simple  (email begins with) and progressinve (admitting),"['simple', 'progressive']","[{'Answer': 'yes', 'Explanation': 'The given sentence utilizes the simple aspect because it describes a simple fact or ongoing action in the present tense, without any additional complexity or duration indicated.', 'Property': 'simple'}, {'Answer': 'no', 'Explanation': 'The given sentence does not utilize the perfect aspect. The verb forms were engaged and was indicate past tense, but they do not express a completed action characteristic of the perfect aspect.', 'Property': 'perfect'}, {'Answer': 'yes', 'Explanation': 'The sentence utilizes the progressive aspect as it describes ongoing or habitual actions in the past, such as were engaged and was to elect.', 'Property': 'progressive'}, {'Answer': 'yes', 'Explanation': 'The sentence utilizes the perfect progressive aspect by using the past perfect progressive tense were engaged to express the ongoing nature of the action in the past.', 'Property': 'perfect progressive'}]","['simple', 'progressive', 'perfect_progressive']"
866,[6],A West Virginia school has come under fire for instructing junior high students to write the Islamic profession of faith ostensibly to practice calligraphy.,Aspect,['perfect'],['perfect'],['perfect'],True,['simple'],"{
  ""Properties"": [""simple"", ""progressive""],
  ""Explanation"": ""The sentence contains both simple aspect, expressing a simple fact ('a West Virginia school has come under fire'), and progressive aspect, expressing an ongoing or incomplete action ('instructing junior high students to write the Islamic profession of faith').""
}","['simple', 'progressive']","{
  ""Properties"": [""simple""],
  ""Explanation"": ""The sentence expresses a simple fact about the action of the school instructing junior high students to write the Islamic profession of faith.""
}",['simple'],"{
  ""Properties"": [""simple""],
  ""Explanation"": ""The sentence expresses a simple fact without indicating the completion, ongoing nature, or duration of the action.""
}",['simple'],0,"{
  ""Properties"": [""simple""],
  ""Explanation"": ""The sentence expresses a simple fact about the school coming under fire for instructing students to write the Islamic profession of faith.""
}",['simple'],"{
  ""Properties"": [""simple""],
  ""Explanation"": ""The sentence expresses a simple fact without indicating completion, ongoing action, or habitual action.""
}",['simple'],"{
  ""Properties"": [""simple""],
  ""Explanation"": ""The sentence expresses a simple fact about the school coming under fire for instructing students to write the Islamic profession of faith.""
}",['simple'],1,['simple'],1,0,Seems to be relying on the definition provided in a looser way,['perfect'],"[{'Answer': 'no', 'Explanation': 'The given sentence does not utilize the simple aspect. It uses the present perfect aspect (has come) to indicate an action that started in the past and has relevance to the present. This aspect is not considered simple in the context of grammar.', 'Property': 'simple'}, {'Answer': 'no', 'Explanation': 'The given sentence does not utilize the perfect aspect. The verb has come is in the present perfect tense, but it does not express a completed action; rather, it indicates an action that started in the past and has relevance to the present.', 'Property': 'perfect'}, {'Answer': 'no', 'Explanation': 'The given sentence does not utilize the progressive aspect. The verb has come is in the present perfect tense, indicating a completed action rather than an ongoing or incomplete action typically associated with the progressive aspect.', 'Property': 'progressive'}, {'Answer': 'no', 'Explanation': 'The given sentence does not utilize the perfect progressive aspect. The verb has come is in the present perfect tense, indicating a completed action with relevance to the present, but it does not express the ongoing nature of an action that is characteristic of the perfect progressive aspect.', 'Property': 'perfect progressive'}]",[]
929,[13  6],"Beyond pressuring our allies, consider these specific steps President Trump has taken against Russia: Where President Obama refused to provide serious weapons to the Ukrainians to help them defend themselves (his response was weakness on a pathetic scale), President Trump has approved the sale of offensive weapons to enable the Ukrainians to increase the cost of Russian aggression.",Aspect,"['simple', 'perfect']","['simple', 'perfect']","['simple', 'perfect']",True,['simple'],"{
  ""Properties"": [""simple""],
  ""Explanation"": ""The text uses the simple aspect to express a basic fact about President Trump's actions against Russia.""
}",['simple'],"{
  ""Properties"": [""simple"", ""perfect""],
  ""Explanation"": ""The text uses the simple aspect to describe specific actions or facts, such as 'President Trump has approved the sale of offensive weapons.' It also uses the perfect aspect to express completed actions, as in 'President Obama refused to provide serious weapons.'""
}","['simple', 'perfect']","{
  ""Properties"": [""simple""],
  ""Explanation"": ""The example uses the simple aspect to express a simple fact about specific steps President Trump has taken against Russia.""
}",['simple'],0,"{
  ""Properties"": [""simple""],
  ""Explanation"": ""The text uses the simple aspect to express a simple fact about President Trump's actions against Russia.""
}",['simple'],"{
  ""Properties"": [""simple""],
  ""Explanation"": ""The text expresses a simple fact about President Trump's actions against Russia, without indicating completion, ongoingness, or progressiveness.""
}",['simple'],"{
  ""Properties"": [""simple""],
  ""Explanation"": ""The text expresses a simple fact about President Trump's actions against Russia, without indicating completion, ongoingness, or habitualness.""
}",['simple'],1,['simple'],1,0,Seems to be relying on the definition provided in a looser way,"['simple', 'perfect']","[{'Answer': 'no', 'Explanation': 'The given sentence does not utilize the simple aspect. Instead, it uses the present perfect aspect (has taken) and the present perfect continuous aspect (has approved). These aspects indicate actions that have been completed or are ongoing, rather than simple facts expressed by the simple aspect.', 'Property': 'simple'}, {'Answer': 'yes', 'Explanation': 'The given sentence utilizes the perfect aspect, as it describes completed actions by using the present perfect tense has taken and has approved to indicate actions that have been completed at the time of speaking.', 'Property': 'perfect'}, {'Answer': 'yes', 'Explanation': 'The given sentence utilizes the progressive aspect because it describes ongoing or incomplete actions by using the present perfect progressive tense has taken and has approved to indicate actions that started in the past and are still continuing or have just been completed.', 'Property': 'progressive'}, {'Answer': 'yes', 'Explanation': 'The given sentence utilizes the perfect progressive aspect by using the construction has been taken, which expresses an ongoing action that has been happening up to the present moment.', 'Property': 'perfect progressive'}]","['perfect', 'progressive', 'perfect_progressive']"
994,[8 6],"“I’ve never understood how chaos, anarchy and illegal border crossings are viewed as something good in a country like Germany, which we view as the best example of discipline and the rule of law,” he said.",Aspect,"['simple', 'perfect']","['simple', 'perfect']","['simple', 'perfect']",True,['perfect'],"{
  ""Properties"": [""simple"", ""perfect""],
  ""Explanation"": ""The sentence expresses a simple fact and also refers to a completed action ('I've never understood').""
}","['simple', 'perfect']","{
  ""Properties"": [""simple"", ""perfect""],
  ""Explanation"": ""The text uses the simple aspect to express a simple fact ('I’ve never understood') and the perfect aspect to express a completed action ('have viewed').""
}","['simple', 'perfect']","{
  ""Properties"": [""perfect""],
  ""Explanation"": ""The use of 'I've never understood' indicates a completed action in the past, emphasizing the speaker's current state of not understanding.""
}",['perfect'],0,"{
  ""Properties"": [""perfect""],
  ""Explanation"": ""The use of 'I've never understood' indicates a completed action of not understanding up to the present moment.""
}",['perfect'],"{
  ""Properties"": [""perfect""],
  ""Explanation"": ""The use of 'I've never understood' indicates a completed action in the past, suggesting the perfect aspect.""
}",['perfect'],"{
  ""Properties"": [""perfect""],
  ""Explanation"": ""The use of 'I've never understood' indicates a completed action in the past, suggesting the speaker's ongoing lack of understanding up to the present moment.""
}",['perfect'],1,['perfect'],1,1,,"['simple', 'perfect']","[{'Answer': 'no', 'Explanation': 'The sentence does not utilize the simple aspect. The presence of have never understood indicates the use of the present perfect tense, which involves the perfect aspect rather than the simple aspect.', 'Property': 'simple'}, {'Answer': 'no', 'Explanation': 'The given sentence does not utilize the perfect aspect. The verb understood is in the simple past tense, not the perfect aspect, so it does not express a completed action in relation to the present moment.', 'Property': 'perfect'}, {'Answer': 'no', 'Explanation': 'The given sentence does not utilize the progressive aspect. The verb are viewed is in the present tense, but it does not indicate an ongoing, habitual, or incomplete action. Instead, it expresses a general state or perception.', 'Property': 'progressive'}, {'Answer': 'no', 'Explanation': 'The given sentence does not utilize the perfect progressive aspect. The verb understood is in the simple past tense, indicating a completed action in the past, rather than an ongoing action expressed by the perfect progressive aspect.', 'Property': 'perfect progressive'}]",[]
1350,[7],"As far as the labor market is concerned, “America First” has not translated to Americans First.",Aspect,"['simple', 'perfect']","['simple', 'perfect']","['simple', 'perfect']",True,['simple'],"{
  ""Properties"": [""perfect progressive""],
  ""Explanation"": ""The sentence uses the perfect progressive aspect to express an ongoing action (the translation of 'America First' to 'Americans First').""
}",['perfect_progressive'],"{
  ""Properties"": [""simple""],
  ""Explanation"": ""The sentence expresses a simple fact without indicating the completion, ongoing nature, or habitual aspect of the action.""
}",['simple'],"{
  ""Properties"": [""simple""],
  ""Explanation"": ""The sentence expresses a simple fact about the present situation in the labor market.""
}",['simple'],0,"{
  ""Properties"": [""perfect progressive""],
  ""Explanation"": ""The use of 'has not translated' indicates a continuous or ongoing action that has not yet been completed, suggesting the use of perfect progressive aspect.""
}",['perfect_progressive'],"{
  ""Properties"": [""perfect progressive""],
  ""Explanation"": ""The use of 'has not translated' indicates an ongoing action that has not yet been completed, suggesting the use of perfect progressive aspect.""
}",['perfect_progressive'],"{
  ""Properties"": [""perfect""],
  ""Explanation"": ""The use of 'has not translated' indicates a completed action in the past.""
}",['perfect'],0,['perfect_progressive'],1,0,Seems to be relying on the definition provided in a looser way,"['simple', 'perfect']","[{'Answer': 'no', 'Explanation': 'The sentence does not utilize the simple aspect. The use of has not translated indicates the present perfect tense, which involves both the present and past, rather than expressing a simple fact in the present tense.', 'Property': 'simple'}, {'Answer': 'yes', 'Explanation': 'The sentence America First has not translated to Americans First utilizes the perfect aspect by using the auxiliary verb has followed by the past participle translated, indicating a completed action in the present perfect tense.', 'Property': 'perfect'}, {'Answer': 'yes', 'Explanation': 'The sentence As far as the labor market is concerned, America First has not translated to Americans First utilizes the progressive aspect because it expresses an ongoing or incomplete action related to the present moment.', 'Property': 'progressive'}, {'Answer': 'yes', 'Explanation': 'The sentence America First has not translated to Americans First utilizes the perfect progressive aspect, as it expresses the ongoing nature of the action of translation up to the present moment.', 'Property': 'perfect progressive'}]","['perfect', 'progressive', 'perfect_progressive']"
1589,[8 6],"In the tragic comedy of denial that every Islamic terrorism investigation inevitably becomes, the authorities are still hunting around for his motiv Yonathan Halimi, Sarah Lucy’s son, describes the killer’s family as being known for its anti-Semitism.",Aspect,"['progressive', 'simple']","['progressive', 'simple']","['progressive', 'simple']",True,['simple'],"{
  ""Properties"": [""simple"", ""progressive""],
  ""Explanation"": ""The text uses the simple aspect to express a simple fact about the ongoing investigation ('authorities are still hunting') and the progressive aspect to denote an ongoing or incomplete action ('describes').""
}","['simple', 'progressive']","{
  ""Properties"": [""progressive""],
  ""Explanation"": ""The use of 'are still hunting' indicates an ongoing or incomplete action, which aligns with the progressive aspect.""
}",['progressive'],"{
  ""Properties"": [""simple"", ""progressive""],
  ""Explanation"": ""The text contains a simple statement about ongoing or incomplete actions.""
}","['simple', 'progressive']",0,"{
  ""Properties"": [""simple""],
  ""Explanation"": ""The sentence expresses a simple fact about the killer's family being known for its anti-Semitism.""
}",['simple'],"{
  ""Properties"": [""simple""],
  ""Explanation"": ""The sentence expresses a simple fact about the ongoing investigation and the description of the killer's family.""
}",['simple'],"{
  ""Properties"": [""simple""],
  ""Explanation"": ""The sentence 'Yonathan Halimi, Sarah Lucy’s son, describes the killer’s family as being known for its anti-Semitism.' expresses a simple fact without indicating completion, ongoingness, or a habitual action.""
}",['simple'],1,['simple'],1,0,gpt missed the part of  sentence,"['progressive', 'simple']","[{'Answer': 'no', 'Explanation': 'The sentence does not utilize the simple aspect. The use of are still hunting and describes indicates the present continuous aspect, which suggests ongoing or temporary actions rather than simple facts.', 'Property': 'simple'}, {'Answer': 'no', 'Explanation': 'The given sentence does not utilize the perfect aspect. The verb are hunting is in the present progressive tense, indicating an ongoing action, rather than a completed action expressed by the perfect aspect.', 'Property': 'perfect'}, {'Answer': 'yes', 'Explanation': 'The sentence utilizes the progressive aspect by using the verb are still hunting to express an ongoing action of the authorities searching for Yonathan Halimis motiv.', 'Property': 'progressive'}, {'Answer': 'yes', 'Explanation': 'The sentence utilizes the perfect progressive aspect by using the construction are still hunting to express an ongoing action that is continuing up to the present moment.', 'Property': 'perfect progressive'}]","['progressive', 'perfect_progressive']"
2629,[ 8 13],ADVANTAGE AMERICANS,Aspect,,,,True,,"{
  ""Properties"": [""simple""],
  ""Explanation"": ""The text uses simple aspect, expressing a simple fact or statement.""
}",['simple'],"{
  ""Properties"": [""simple""],
  ""Explanation"": ""The text uses the simple aspect to express a simple fact, without indicating completion, ongoingness, or habitual action.""
}",['simple'],"{
  ""Properties"": [],
  ""Explanation"": ""There are no explicit aspects used in the text. The text simply presents a phrase without indicating any specific aspect of the action.""
}",[],1,"{
  ""Properties"": [],
  ""Explanation"": ""The text does not contain any verb forms or actions, so there are no aspects of aspect used in this text.""
}",[],"{
  ""Properties"": [""simple""],
  ""Explanation"": ""The text expresses a simple fact without indicating completion, ongoingness, or habitual action.""
}",['simple'],"{
  ""Properties"": [],
  ""Explanation"": ""The text does not contain any verb forms or constructions that indicate aspect."" 
}",[],1,[],1,1,,[],"[{'Answer': 'no', 'Explanation': 'The phrase ADVANTAGE AMERICANS does not form a complete sentence and therefore does not express any aspect of the verb tense, including the simple aspect.', 'Property': 'simple'}, {'Answer': 'no', 'Explanation': 'The sentence ADVANTAGE AMERICANS does not utilize the perfect aspect. It is not a complete sentence and does not contain any verb forms indicating a completed action.', 'Property': 'perfect'}, {'Answer': 'no', 'Explanation': 'The sentence ADVANTAGE AMERICANS does not utilize the progressive aspect. Progressive aspect requires a form of the verb to be followed by the present participle of another verb, indicating ongoing or incomplete action, which is not present in the given sentence.', 'Property': 'progressive'}, {'Answer': 'no', 'Explanation': 'The sentence ADVANTAGE AMERICANS does not utilize the perfect progressive aspect. It is not a grammatically complete sentence and does not contain any verb forms indicating the perfect progressive aspect.', 'Property': 'perfect progressive'}]",[]
2871,[8],"While it earlier made attempts to balance its shoddier side with some interesting reporting, it is now solidly main stream in the worst sense.",Aspect,['simple'],['simple'],['simple'],True,"['progressive', 'simple']","{
  ""Properties"": [""progressive""],
  ""Explanation"": ""The use of 'is now' indicates an ongoing change in the state of being solidly mainstream, suggesting a progressive aspect.""
}",['progressive'],"{
  ""Properties"": [""progressive""],
  ""Explanation"": ""The use of 'is now' indicates a current ongoing state, suggesting a progressive aspect.""
}",['progressive'],"{
  ""Properties"": [""perfect progressive""],
  ""Explanation"": ""The use of 'is now' and 'main stream' indicates a completed ongoing action, suggesting the perfect progressive aspect.""
}",['perfect_progressive'],0,"{
  ""Properties"": [""progressive""],
  ""Explanation"": ""The use of 'is now' indicates an ongoing or current state, suggesting a progressive aspect.""
}",['progressive'],"{
  ""Properties"": [""progressive""],
  ""Explanation"": ""The use of 'is now' indicates an ongoing or current state, suggesting a progressive aspect.""
}",['progressive'],"{
  ""Properties"": [""progressive""],
  ""Explanation"": ""The use of 'is now' indicates a current ongoing state, suggesting a progressive aspect.""
}",['progressive'],1,['progressive'],1,0,Seems to be relying on the definition provided in a looser way,['simple'],"[{'Answer': 'no', 'Explanation': 'The given sentence does not utilize the simple aspect. The use of earlier and now indicates a shift in time, suggesting a more complex aspect than the simple aspect.', 'Property': 'simple'}, {'Answer': 'no', 'Explanation': 'The given sentence does not utilize the perfect aspect. The verb made is in the past tense, but it does not indicate a completed action; rather, it simply describes a past event without emphasizing its completion. Therefore, the sentence does not express the perfect aspect.', 'Property': 'perfect'}, {'Answer': 'yes', 'Explanation': 'The given sentence utilizes the progressive aspect because it expresses an ongoing change in the state of the subject, indicating that it is currently solidly mainstream, which is a characteristic of the progressive aspect.', 'Property': 'progressive'}, {'Answer': 'no', 'Explanation': 'The given sentence does not utilize the perfect progressive aspect. The sentence describes a change in the state of something from the past to the present, rather than expressing the end of an ongoing action, which is characteristic of the perfect progressive aspect.', 'Property': 'perfect progressive'}]",['progressive']
3249,[9],When Cain complains that being a “vagabond .,Aspect,['simple'],['simple'],['simple'],True,[],"{
  ""Properties"": [""progressive""],
  ""Explanation"": ""The use of 'being' indicates an ongoing or incomplete action, making it a progressive aspect.""
}",['progressive'],"{
  ""Properties"": [""simple""],
  ""Explanation"": ""The sentence 'Cain complains' expresses a simple fact without indicating if the action is completed, ongoing, or habitual.""
}",['simple'],"{
  ""Properties"": [""progressive""],
  ""Explanation"": ""The use of 'being' indicates an ongoing or habitual action, suggesting a progressive aspect.""
}",['progressive'],0,"{
  ""Properties"": [""progressive""],
  ""Explanation"": ""The use of 'being' indicates an ongoing or habitual action, suggesting a progressive aspect.""
}",['progressive'],"{
  ""Properties"": [""progressive""],
  ""Explanation"": ""The use of 'being' indicates an ongoing or continuous action, suggesting a progressive aspect.""
}",['progressive'],"{
  ""Properties"": [""simple""],
  ""Explanation"": ""The sentence 'Cain complains' expresses a simple fact without indicating completion, ongoingness, or habitual action.""
}",['simple'],0,['progressive'],1,0,Seems to be relying on the definition provided in a looser way,['simple'],"[{'Answer': 'no', 'Explanation': 'The sentence When Cain complains that being a vagabond does not utilize the simple aspect. The use of being indicates the continuous aspect, which implies ongoing or continuous action rather than a simple fact.', 'Property': 'simple'}, {'Answer': 'no', 'Explanation': 'The sentence When Cain complains that being a vagabond does not utilize the perfect aspect. The verb complains is in the present tense, and there is no auxiliary verb indicating a completed action.', 'Property': 'perfect'}, {'Answer': 'yes', 'Explanation': 'The sentence When Cain complains that being a vagabond utilizes the progressive aspect because it expresses an ongoing or habitual action with the verb complains and the gerund being.', 'Property': 'progressive'}, {'Answer': 'yes', 'Explanation': 'The sentence When Cain complains that being a vagabond utilizes the perfect progressive aspect, as it expresses an ongoing action at a specific point in time, indicated by the use of being.', 'Property': 'perfect progressive'}]","['progressive', 'perfect_progressive']"
3315,[8 8 9],"​Despite suffering several public and humiliating reversals in various forums and venues, those pushing for boycotts, divestment and sanctions (BDS) against Israel have not dispensed with their pernicious campaign of hate.",Aspect,['perfect'],['perfect'],['perfect'],True,['simple'],"{
  ""Properties"": [""simple""],
  ""Explanation"": ""The sentence expresses a simple fact about the ongoing actions of those pushing for BDS against Israel.""
}",['simple'],"{
  ""Properties"": [""perfect""],
  ""Explanation"": ""The use of 'have not dispensed' indicates a completed action of not ceasing the campaign of hate.""
}",['perfect'],"{
  ""Properties"": [""simple""],
  ""Explanation"": ""The sentence expresses a simple fact about the ongoing campaign of those pushing for BDS against Israel, without emphasizing completion or progression of the action.""
}",['simple'],0,"{
  ""Properties"": [""simple""],
  ""Explanation"": ""The sentence expresses a simple fact about the ongoing campaign of hate against Israel, without indicating completion or ongoing action.""
}",['simple'],"{
  ""Properties"": [""simple""],
  ""Explanation"": ""The sentence expresses a simple fact about the ongoing campaign of hate against Israel, without indicating completion, ongoingness, or progressiveness of the action.""
}",['simple'],"{
  ""Properties"": [""simple""],
  ""Explanation"": ""The sentence expresses a simple fact about the ongoing campaign of hate against Israel, without indicating completion, ongoing action, or a combination of both.""
}",['simple'],1,['simple'],1,0,Seems to be relying on the definition provided in a looser way,['perfect'],"[{'Answer': 'no', 'Explanation': 'The given sentence does not utilize the simple aspect. The use of the present perfect have not dispensed indicates an ongoing action that started in the past and continues into the present, which does not align with the simple aspect expressing a simple fact. Therefore, the sentence does not utilize the simple aspect.', 'Property': 'simple'}, {'Answer': 'no', 'Explanation': 'The given sentence does not utilize the perfect aspect. The verb have not dispensed is in the simple present tense, indicating ongoing action, rather than the completed action associated with the perfect aspect.', 'Property': 'perfect'}, {'Answer': 'no', 'Explanation': 'The given sentence does not utilize the progressive aspect. The verb suffering is a present participle, but it is used in a participial phrase to provide additional information about the subject, rather than to indicate an ongoing, habitual, or incomplete action. The main verb have not dispensed is in the present perfect tense, indicating a completed action up to the present moment, rather than an ongoing action.', 'Property': 'progressive'}, {'Answer': 'no', 'Explanation': 'The given sentence does not utilize the perfect progressive aspect. The verb have not dispensed is in the present perfect tense, indicating an action that started in the past and continues up to the present, but it does not express the ongoing nature of an action that is characteristic of the perfect progressive aspect.', 'Property': 'perfect progressive'}]",[]
3787,[10],“The insistence with which Francis defends Barros is mystifying.,Aspect,['simple'],['simple'],['simple'],True,['simple'],"{
  ""Properties"": [""progressive""],
  ""Explanation"": ""The use of 'defends' indicates an ongoing or habitual action, suggesting a progressive aspect.""
}",['progressive'],"{
  ""Properties"": [""simple""],
  ""Explanation"": ""The sentence expresses a simple fact about Francis's defense of Barros without emphasizing whether the action is completed, ongoing, or habitual.""
}",['simple'],"{
  ""Properties"": [""progressive""],
  ""Explanation"": ""The use of 'defends' indicates an ongoing or habitual action, suggesting a progressive aspect.""
}",['progressive'],0,"{
  ""Properties"": [""progressive""],
  ""Explanation"": ""The use of 'defends' indicates an ongoing or habitual action, making it a progressive aspect.""
}",['progressive'],"{
  ""Properties"": [""progressive""],
  ""Explanation"": ""The use of 'defends' indicates an ongoing or habitual action, suggesting the progressive aspect.""
}",['progressive'],"{
  ""Properties"": [""progressive""],
  ""Explanation"": ""The use of 'defends' indicates an ongoing or habitual action, suggesting the progressive aspect.""
}",['progressive'],1,['progressive'],1,0,Seems to be relying on the definition provided in a looser way,['simple'],"[{'Answer': 'yes', 'Explanation': 'The sentence The insistence with which Francis defends Barros is mystifying utilizes the simple aspect because it expresses a simple fact about Francis defending Barros, without any specific reference to the timing or duration of the action.', 'Property': 'simple'}, {'Answer': 'no', 'Explanation': 'The sentence The insistence with which Francis defends Barros is mystifying does not utilize the perfect aspect. The verb defends is in the present tense, indicating an ongoing action, rather than a completed one expressed by the perfect aspect.', 'Property': 'perfect'}, {'Answer': 'yes', 'Explanation': 'The sentence The insistence with which Francis defends Barros is mystifying utilizes the progressive aspect because it expresses an ongoing action of Francis defending Barros, indicating that it is currently happening.', 'Property': 'progressive'}, {'Answer': 'no', 'Explanation': 'The sentence The insistence with which Francis defends Barros is mystifying does not utilize the perfect progressive aspect. The verb defends is in the present tense, indicating a current ongoing action, but it does not express the end of an ongoing action, which is characteristic of the perfect progressive aspect.', 'Property': 'perfect progressive'}]","['simple', 'progressive']"
3895,[13],Impossible.,Aspect,,,,True,,"{
  ""Properties"": [""none""],
  ""Explanation"": ""The text does not contain any aspect properties as it is not a complete sentence or statement."" 
}",[''],"{
  ""Properties"": [
    ""none""
  ],
  ""Explanation"": ""The provided text does not contain any aspect properties as defined. Instead, it is an exclamation expressing disbelief or denial. Aspect properties are concerned with the grammatical form of a verb to indicate the nature of an action, which is not applicable in this case.""
}",[''],"{
  ""Properties"": [""simple""],
  ""Explanation"": ""The sentence expresses a simple fact without specifying the completion or progress of an action.""
}",['simple'],0,"{
  ""Properties"": [""simple""],
  ""Explanation"": ""The sentence 'Impossible.' expresses a simple fact without indicating any specific aspect of the action.""
}",['simple'],"{
  ""Properties"": [""simple""],
  ""Explanation"": ""The text expresses a simple fact without indicating completion, ongoingness, or habitual action.""
}",['simple'],"{
  ""Properties"": [""simple""],
  ""Explanation"": ""The sentence 'Impossible.' expresses a simple fact without indicating completion, ongoingness, or habitual action.""
}",['simple'],1,['simple'],1,0,this should be an empty list,[],"[{'Answer': 'no', 'Explanation': 'The word Impossible does not form a complete sentence, so it cannot be analyzed for aspect. Therefore, it is not possible to determine whether the simple aspect is utilized in this context.', 'Property': 'simple'}, {'Answer': 'no', 'Explanation': 'The sentence Impossible. does not utilize the perfect aspect. In fact, it does not contain a verb or express any action, so it cannot be categorized in terms of aspect.', 'Property': 'perfect'}, {'Answer': 'no', 'Explanation': 'The word Impossible does not provide any information about the sentence utilizing the progressive aspect. Therefore, it is not possible to determine whether the sentence utilizes the progressive aspect based on the given information.', 'Property': 'progressive'}, {'Answer': 'no', 'Explanation': 'The sentence Impossible. does not utilize the perfect progressive aspect, as it is not a complete sentence and does not contain any verb forms indicating ongoing action in the past leading up to the present.', 'Property': 'perfect progressive'}]",[]
4169,[13],This emphasis is repeated so often one might almost think there is a concern in Rome that the “fruitful” post-conciliar monastic life is in danger of fizzling out… for… some reason…,Aspect,['simple'],['simple'],['simple'],True,['progressive'],"{
  ""Properties"": [""progressive""],
  ""Explanation"": ""The use of 'is' before the verb 'repeated' indicates an ongoing or habitual action, suggesting a progressive aspect.""
}",['progressive'],"{
  ""Properties"": [""progressive""],
  ""Explanation"": ""The use of 'is' before 'in danger' indicates an ongoing or incomplete action, suggesting that the concern in Rome is currently existing and continuing.""
}",['progressive'],"{
  ""Properties"": [""progressive""],
  ""Explanation"": ""The use of 'is' indicates an ongoing or incomplete action, suggesting that the emphasis is currently being repeated.""
}",['progressive'],1,"{
  ""Properties"": [""progressive""],
  ""Explanation"": ""The use of 'is' before 'in danger' indicates the ongoing or incomplete nature of the concern in Rome about the post-conciliar monastic life.""
}",['progressive'],"{
  ""Properties"": [""progressive""],
  ""Explanation"": ""The use of 'is' indicates an ongoing or incomplete action, suggesting that the concern in Rome is currently ongoing or in progress.""
}",['progressive'],"{
  ""Properties"": [""progressive""],
  ""Explanation"": ""The use of 'is' before 'in danger of fizzling out' indicates an ongoing or incomplete action, suggesting a progressive aspect.""
}",['progressive'],1,['progressive'],1,0,Seems to be relying on the definition provided in a looser way,['simple'],"[{'Answer': 'yes', 'Explanation': 'The given sentence utilizes the simple aspect because it expresses a simple fact or general truth about the repeated emphasis and the concern in Rome.', 'Property': 'simple'}, {'Answer': 'no', 'Explanation': 'The given sentence does not utilize the perfect aspect. The verb is indicates a present tense, and there is no auxiliary verb such as has or have to indicate the perfect aspect.', 'Property': 'perfect'}, {'Answer': 'no', 'Explanation': 'The given sentence does not utilize the progressive aspect. The verb is repeated is in the present tense, but it does not indicate an ongoing, habitual, or incomplete action. Therefore, the sentence does not express the progressive aspect.', 'Property': 'progressive'}, {'Answer': 'no', 'Explanation': 'The given sentence does not utilize the perfect progressive aspect. The verb is repeated is in the present simple tense, indicating a repeated action, but it does not express the end of an ongoing action characteristic of the perfect progressive aspect.', 'Property': 'perfect progressive'}]",['simple']
4349,[14],The Last-Minute Character Assassination of Judge Kavanaugh,Aspect,,,,True,,"{
  ""Properties"": [""simple""],
  ""Explanation"": ""The title 'The Last-Minute Character Assassination of Judge Kavanaugh' expresses a simple fact without indicating completion, ongoingness, or habitual action.""
}",['simple'],"{
  ""Properties"": [""simple""],
  ""Explanation"": ""The title expresses a simple fact without any indication of a completed, ongoing, or habitual action.""
}",['simple'],"{
  ""Properties"": [""simple""],
  ""Explanation"": ""The text expresses a simple fact about the character assassination of Judge Kavanaugh without indicating completeness, ongoingness, or habitualness.""
}",['simple'],1,"{
  ""Properties"": [""simple""],
  ""Explanation"": ""The text expresses a simple fact about the character assassination of Judge Kavanaugh.""
}",['simple'],"{
  ""Properties"": [""simple""],
  ""Explanation"": ""The title 'The Last-Minute Character Assassination of Judge Kavanaugh' expresses a simple fact without indicating completion, ongoingness, or progressiveness.""
}",['simple'],"{
  ""Properties"": [""simple""],
  ""Explanation"": ""The title 'The Last-Minute Character Assassination of Judge Kavanaugh' expresses a simple fact without indicating completion, ongoingness, or habitual action.""
}",['simple'],1,['simple'],1,0,this should be an empty list,[],"[{'Answer': 'no', 'Explanation': 'The given sentence is a title or headline, not a complete sentence with a subject and a verb, so it does not express a specific aspect of the verb tense.', 'Property': 'simple'}, {'Answer': 'no', 'Explanation': 'The given sentence does not utilize the perfect aspect. It appears to be a news headline or title, and it does not contain a verb or express a completed action using the perfect aspect.', 'Property': 'perfect'}, {'Answer': 'no', 'Explanation': 'The given sentence does not utilize the progressive aspect. It appears to be a headline or title rather than a complete sentence with a verb expressing ongoing, habitual, or incomplete action.', 'Property': 'progressive'}, {'Answer': 'no', 'Explanation': 'The given sentence does not utilize the perfect progressive aspect. It appears to be a news headline or title, which typically does not convey verb tense or aspect.', 'Property': 'perfect progressive'}]",[]
4405,[16],So interesting!,Aspect,,,,True,,"{
  ""Properties"": [],
  ""Explanation"": ""The text does not contain any examples of aspect as it is not a complete sentence or action.""
}",[],"{
  ""Properties"": []
}

 ",[],"{
  ""Properties"": [],
  ""Explanation"": ""The text does not contain any aspect properties as it is not a statement about a specific action or event.""
}",[],0,"{
  ""Properties"": [],
  ""Explanation"": ""The text does not contain any aspect properties as it does not convey any specific action or event.""
}",[],"{
  ""Properties"": [],
  ""Explanation"": ""The text does not contain any aspect properties as it is not a statement about an action or event.""
}",[],"{
  ""Properties"": [],
  ""Explanation"": ""The text does not contain any aspect properties as it is not a statement about an action or event.""
}",[],0,[],1,1,,[],"[{'Answer': 'no', 'Explanation': 'The sentence So interesting! does not utilize the simple aspect because it is not a complete sentence with a subject and a verb. It is an incomplete phrase and does not express a simple fact in the same way as the examples provided.', 'Property': 'simple'}, {'Answer': 'no', 'Explanation': 'The sentence So interesting! does not utilize the perfect aspect. The phrase So interesting! does not express a completed action, and therefore does not demonstrate the perfect aspect in grammar.', 'Property': 'perfect'}, {'Answer': 'no', 'Explanation': 'The sentence So interesting! does not utilize the progressive aspect. The progressive aspect requires a form of the verb to be followed by the present participle of another verb, indicating ongoing or incomplete action. So interesting! is not a verb phrase and does not express ongoing or incomplete action.', 'Property': 'progressive'}, {'Answer': 'no', 'Explanation': 'The sentence So interesting! does not utilize the perfect progressive aspect. The phrase So interesting! is not a complete sentence and does not express the end of an ongoing action. It is simply an exclamation expressing a strong feeling of interest or excitement.', 'Property': 'perfect progressive'}]",[]
4431,[16],“I had no way to see into his mind.,Aspect,['simple'],['simple'],['simple'],True,['perfect'],"{
  ""Properties"": [""perfect""],
  ""Explanation"": ""The sentence 'I had no way to see into his mind' uses the perfect aspect to express a completed action in the past.""
}",['perfect'],"{
  ""Properties"": [""perfect""],
  ""Explanation"": ""The use of 'had' indicates a completed action, suggesting that there is no longer a way to see into his mind.""
}",['perfect'],"{
  ""Properties"": [""perfect""],
  ""Explanation"": ""The use of 'had' indicates that the action of not having a way to see into his mind is completed before a certain point in the past.""
}",['perfect'],1,"{
  ""Properties"": [""perfect""],
  ""Explanation"": ""The use of 'had' indicates a completed action, suggesting that there was no way to see into his mind in the past.""
}",['perfect'],"{
  ""Properties"": [""perfect""],
  ""Explanation"": ""The use of 'had' indicates a completed action, suggesting that there was no way to see into his mind in the past.""
}",['perfect'],"{
  ""Properties"": [""perfect""],
  ""Explanation"": ""The use of 'had' indicates a completed action, suggesting that there was no way to see into his mind in the past.""
}",['perfect'],1,['perfect'],1,0,Seems to be relying on the definition provided in a looser way,['simple'],"[{'Answer': 'no', 'Explanation': 'The sentence I had no way to see into his mind does not utilize the simple aspect. The use of had indicates the past perfect tense, which involves both past time and completed aspect, rather than the simple aspect expressing a simple fact.', 'Property': 'simple'}, {'Answer': 'yes', 'Explanation': 'The sentence I had no way to see into his mind utilizes the perfect aspect, as indicated by the use of the past perfect tense had before the main verb see. This construction expresses that the inability to see into his mind occurred before a specific point in the past, indicating a completed action in the past.', 'Property': 'perfect'}, {'Answer': 'no', 'Explanation': 'The sentence I had no way to see into his mind does not utilize the progressive aspect. The verb see is in the past tense (had) but does not indicate an ongoing, habitual, or incomplete action, so it does not express the progressive aspect.', 'Property': 'progressive'}, {'Answer': 'no', 'Explanation': 'The sentence I had no way to see into his mind does not utilize the perfect progressive aspect. The verb had indicates past perfect tense, but there is no indication of ongoing action or duration, which is characteristic of the perfect progressive aspect.', 'Property': 'perfect progressive'}]",['perfect']
4440,[17],Once again the media are blaming the messenger instead of dealing with Islamic violence.,Aspect,['progressive'],['progressive'],['progressive'],True,['simple'],"{
  ""Properties"": [""simple""],
  ""Explanation"": ""The sentence expresses a simple fact without indicating any specific aspect of the action.""
}",['simple'],"{
  ""Properties"": [""simple""],
  ""Explanation"": ""The sentence expresses a simple fact without any indication of ongoing, completed, or habitual action.""
}",['simple'],"{
  ""Properties"": [""simple""],
  ""Explanation"": ""The sentence expresses a simple fact about the media blaming the messenger.""
}",['simple'],1,"{
  ""Properties"": [""simple""],
  ""Explanation"": ""The sentence expresses a simple fact without indicating completion, ongoingness, or habitual action.""
}",['simple'],"{
  ""Properties"": [""simple""],
  ""Explanation"": ""The sentence expresses a simple fact without indicating completion, ongoingness, or habitual action.""
}",['simple'],"{
  ""Properties"": [""simple""],
  ""Explanation"": ""The sentence expresses a simple fact without indicating completion, ongoingness, or habitual action.""
}",['simple'],1,['simple'],1,0,Seems to be relying on the definition provided in a looser way,['progressive'],"[{'Answer': 'no', 'Explanation': 'The sentence does not utilize the simple aspect. The use of are blaming indicates a continuous or progressive aspect, which implies ongoing action rather than a simple fact.', 'Property': 'simple'}, {'Answer': 'no', 'Explanation': 'The sentence does not utilize the perfect aspect because there is no indication of a completed action. The verb are blaming is in the present progressive tense, indicating an ongoing action rather than a completed one.', 'Property': 'perfect'}, {'Answer': 'yes', 'Explanation': 'The sentence Once again the media are blaming the messenger instead of dealing with Islamic violence utilizes the progressive aspect, as it expresses an ongoing or habitual action of the media blaming the messenger.', 'Property': 'progressive'}, {'Answer': 'no', 'Explanation': 'The sentence does not utilize the perfect progressive aspect. The verb are blaming is in the present progressive tense, indicating an ongoing action, but it does not include the perfect aspect (e.g., have been blaming).', 'Property': 'perfect progressive'}]",['progressive']
4650,[],"In the last months of his pontificate, Pope Benedict XVI had convened a meeting of all the apostolic nuncios in Rome, as Paul VI and St. John Paul II had done on several occasions.",Aspect,['perfect'],['perfect'],['perfect'],True,['simple'],"{
  ""Properties"": [""simple"", ""perfect""],
  ""Explanation"": ""The sentence describes a simple fact and refers to a completed action in the past ('had convened').""
}","['simple', 'perfect']","{
  ""Properties"": [""simple""],
  ""Explanation"": ""The sentence expresses a simple fact about a past event without indicating any ongoing, habitual, or completed action.""
}",['simple'],"{
  ""Properties"": [""simple""],
  ""Explanation"": ""The sentence expresses a simple fact about a past event, without emphasizing the completion or ongoing nature of the action.""
}",['simple'],0,"{
  ""Properties"": [""simple""],
  ""Explanation"": ""The sentence expresses a simple fact about an event that occurred in the past.""
}",['simple'],"{
  ""Properties"": [""simple""],
  ""Explanation"": ""The sentence expresses a simple fact about an action that occurred in the past without emphasizing completion, ongoingness, or duration.""
}",['simple'],"{
  ""Properties"": [""simple""],
  ""Explanation"": ""The sentence expresses a simple fact about an event that occurred in the past.""
}",['simple'],1,['simple'],1,0,Seems to be relying on the definition provided in a looser way,['perfect'],"[{'Answer': 'no', 'Explanation': 'The sentence does not utilize the simple aspect. It uses the past perfect tense (had convened) to indicate an action that occurred before another past action, which is not characteristic of the simple aspect.', 'Property': 'simple'}, {'Answer': 'yes', 'Explanation': 'The sentence utilizes the perfect aspect because it describes a completed action in the past, specifically the action of convening a meeting that had already taken place during Pope Benedict XVIs pontificate.', 'Property': 'perfect'}, {'Answer': 'no', 'Explanation': 'The given sentence does not utilize the progressive aspect. It describes past actions that were completed, rather than ongoing, habitual, or incomplete actions typically associated with the progressive aspect.', 'Property': 'progressive'}, {'Answer': 'no', 'Explanation': 'The sentence does not utilize the perfect progressive aspect. Instead, it uses the past perfect tense to indicate an action completed before a certain point in the past. The use of had convened indicates that the meeting took place before a specific time in the past, rather than expressing the ongoing nature of the action.', 'Property': 'perfect progressive'}]",['perfect']
4742,[],He generated her in His Blood and continually revives her with His Spirit!,Aspect,['simple'],['simple'],['simple'],True,"['progressive', 'simple']","{
  ""Properties"": [""simple"", ""progressive""],
  ""Explanation"": ""The sentence contains the simple aspect as it expresses a simple fact, and the progressive aspect as it describes an ongoing or habitual action.""
}","['simple', 'progressive']","{
  ""Properties"": [""simple""],
  ""Explanation"": ""The sentence expresses a simple fact about the subject, without indicating any specific aspect of the action.""
}",['simple'],"{
  ""Properties"": [""simple"", ""progressive""],
  ""Explanation"": ""The sentence contains the simple aspect in 'He generated her in His Blood' to express a simple fact, and the progressive aspect in 'continually revives her with His Spirit' to show an ongoing or habitual action.""
}","['simple', 'progressive']",0,"{
  ""Properties"": [""simple""],
  ""Explanation"": ""The sentence expresses a simple fact without indicating completion, ongoing action, or a combination of the two.""
}",['simple'],"{
  ""Properties"": [""simple"", ""progressive""],
  ""Explanation"": ""The sentence expresses a simple fact (generation and revival) and also indicates a continuous or ongoing action (continually revives).""
}","['simple', 'progressive']","{
  ""Properties"": [""simple"", ""progressive""],
  ""Explanation"": ""The sentence expresses a simple fact about the continuous action of generating and reviving, indicating a progressive aspect.""
}","['simple', 'progressive']",0,"['simple', 'progressive']",1,0,Seems to be relying on the definition provided in a looser way,['simple'],"[{'Answer': 'yes', 'Explanation': 'The sentence He generated her in His Blood and continually revives her with His Spirit! utilizes the simple aspect because it expresses simple facts or habitual actions without indicating any specific time frame.', 'Property': 'simple'}, {'Answer': 'no', 'Explanation': 'The sentence He generated her in His Blood and continually revives her with His Spirit! does not utilize the perfect aspect. The verb generated is in the simple past tense, indicating a completed action, but it does not specifically express the perfect aspect.', 'Property': 'perfect'}, {'Answer': 'no', 'Explanation': 'The given sentence does not utilize the progressive aspect. The verbs generated and revives indicate completed or habitual actions, rather than ongoing or incomplete actions typically associated with the progressive aspect.', 'Property': 'progressive'}, {'Answer': 'no', 'Explanation': 'The given sentence does not utilize the perfect progressive aspect. The sentence describes actions that are not ongoing or continuous, so it does not express the end of an ongoing action characteristic of the perfect progressive aspect.', 'Property': 'perfect progressive'}]",['simple']
5285,[],"https://t.co/zHBz4gKpkf — Donald Trump Jr. (@DonaldJTrumpJr) July 5, 2018",Aspect,,,,True,,"{
  ""Properties"": [""simple""],
  ""Explanation"": ""The tweet contains a simple statement without expressing completion, ongoing action, or habitual action.""
}",['simple'],"{
  ""Properties"": [""simple""],
  ""Explanation"": ""The tweet contains a simple statement without any indication of completion, ongoingness, or habitual action.""
}",['simple'],"{
  ""Properties"": [""simple""],
  ""Explanation"": ""The tweet is a simple declarative statement without any indication of completion, ongoing, or habitual action.""
}",['simple'],1,"{
  ""Properties"": [""simple""],
  ""Explanation"": ""The tweet contains a simple statement without any indication of completion, ongoingness, or habitual action.""
}",['simple'],"{
  ""Properties"": [""simple""],
  ""Explanation"": ""The tweet contains a simple statement without any indication of completion, ongoingness, or habitual action.""
}",['simple'],"{
  ""Properties"": [""simple""],
  ""Explanation"": ""The tweet contains a simple statement without any indication of completed, ongoing, or habitual action.""
}",['simple'],1,['simple'],1,0,this should be an empty list,[],"[{'Answer': 'yes', 'Explanation': 'The sentence Rover eats bones. provided in the context expresses a simple fact, indicating the use of the simple aspect. Therefore, the given sentence utilizes the simple aspect.', 'Property': 'simple'}, {'Answer': 'yes', 'Explanation': 'The sentence Rover has eaten a bone utilizes the perfect aspect, as it expresses a completed action in the past with the use of the auxiliary verb has and the past participle eaten.', 'Property': 'perfect'}, {'Answer': 'yes', 'Explanation': 'The sentence Rover is eating a bone utilizes the progressive aspect, as it expresses an ongoing action of Rover eating a bone at the time of speaking.', 'Property': 'progressive'}, {'Answer': 'yes', 'Explanation': 'The sentence Rover has been eating a bone utilizes the perfect progressive aspect, as it expresses the ongoing action of eating that has been happening up to the present moment.', 'Property': 'perfect progressive'}]","['simple', 'perfect', 'progressive', 'perfect_progressive']"
7815,[],Julian has been vindicated in every possible way and yet he is isolated as few people are these days.,Aspect,"['simple', 'perfect']","['simple', 'perfect']","['simple', 'perfect']",True,['perfect progressive'],"{
  ""Properties"": [""perfect progressive""],
  ""Explanation"": ""The use of 'has been' indicates a continuous, ongoing action that has recently ended, which aligns with the perfect progressive aspect.""
}",['perfect_progressive'],"{
  ""Properties"": [""perfect progressive""],
  ""Explanation"": ""The use of 'has been vindicated' indicates a completed ongoing action, suggesting the perfect progressive aspect.""
}",['perfect_progressive'],"{
  ""Properties"": [""perfect progressive""],
  ""Explanation"": ""The use of 'has been vindicated' indicates the completion of an ongoing action, making it a perfect progressive aspect.""
}",['perfect_progressive'],1,"{
  ""Properties"": [""perfect progressive""],
  ""Explanation"": ""The use of 'has been vindicated' indicates a completed ongoing action, suggesting the perfect progressive aspect.""
}",['perfect_progressive'],"{
  ""Properties"": [""perfect progressive""],
  ""Explanation"": ""The use of 'has been' indicates the completion of an ongoing action, suggesting that Julian's vindication has been ongoing up to the present moment.""
}",['perfect_progressive'],"{
  ""Properties"": [""perfect progressive""],
  ""Explanation"": ""The use of 'has been' indicates the completion of an ongoing action, suggesting that Julian's vindication has been ongoing up to the present moment.""
}",['perfect_progressive'],1,['perfect_progressive'],1,0,explanation is just wrong,"['simple', 'perfect']","[{'Answer': 'no', 'Explanation': 'The sentence utilizes the present perfect continuous aspect (has been vindicated) and the simple present tense (he is isolated). Therefore, it does not utilize the simple aspect.', 'Property': 'simple'}, {'Answer': 'yes', 'Explanation': 'The sentence Julian has been vindicated in every possible way utilizes the perfect aspect, as it expresses a completed action of vindication that has relevance to the present moment.', 'Property': 'perfect'}, {'Answer': 'yes', 'Explanation': 'The sentence Julian has been vindicated in every possible way and yet he is isolated as few people are these days utilizes the progressive aspect, as it indicates an ongoing or incomplete action with the use of has been before the verb vindicated and is before the verb isolated.', 'Property': 'progressive'}, {'Answer': 'yes', 'Explanation': 'The sentence Julian has been vindicated in every possible way utilizes the perfect progressive aspect, as it expresses the ongoing action of vindication up to the present moment.', 'Property': 'perfect progressive'}]","['perfect', 'progressive', 'perfect_progressive']"
8743,[],"If papal clarification was ever needed on the long-debated issue of the intended meaning of Amoris Laetitia chapter VIII, such clarification has now been provided for the Church at large.",Aspect,"['simple', 'perfect']","['simple', 'perfect']","['simple', 'perfect']",True,['perfect'],"{
  ""Properties"": [""simple""],
  ""Explanation"": ""The sentence expresses a simple fact about the provision of clarification, without indicating completion, ongoing action, or an ongoing action with a completed element.""
}",['simple'],"{
  ""Properties"": [""perfect""],
  ""Explanation"": ""The use of 'has now been provided' indicates a completed action, suggesting the perfect aspect.""
}",['perfect'],"{
  ""Properties"": [""simple""],
  ""Explanation"": ""The sentence expresses a simple fact about the provision of papal clarification.""
}",['simple'],0,"{
  ""Properties"": [""simple""],
  ""Explanation"": ""The sentence expresses a simple fact about the provision of papal clarification.""
}",['simple'],"{
  ""Properties"": [""simple""],
  ""Explanation"": ""The sentence expresses a simple fact about the provision of papal clarification on a debated issue.""
}",['simple'],"{
  ""Properties"": [""simple"", ""perfect""],
  ""Explanation"": ""The sentence expresses a simple fact about a completed action, the provision of clarification.""
}","['simple', 'perfect']",0,['simple'],1,0,Seems to be relying on the definition provided in a looser way,"['simple', 'perfect']","[{'Answer': 'yes', 'Explanation': 'The given sentence utilizes the simple aspect because it expresses a simple fact about the past, without emphasizing the ongoing or continuous nature of the action. The verb was indicates the past tense, and has now been provided also indicates a completed action in the present.', 'Property': 'simple'}, {'Answer': 'yes', 'Explanation': 'The sentence such clarification has now been provided utilizes the perfect aspect, as it expresses a completed action in the present time.', 'Property': 'perfect'}, {'Answer': 'no', 'Explanation': 'The given sentence does not utilize the progressive aspect. It describes a past event and its current result, but it does not express an ongoing, habitual, or incomplete action characteristic of the progressive aspect.', 'Property': 'progressive'}, {'Answer': 'no', 'Explanation': 'The given sentence does not utilize the perfect progressive aspect. It uses the present perfect tense (has been provided), which expresses an action that started in the past and continues into the present, but it does not indicate ongoing action leading up to the present moment, as the perfect progressive aspect would.', 'Property': 'perfect progressive'}]","['simple', 'perfect']"
9396,[],Also on communion between the communities.,Aspect,,,,True,,"{
  ""Properties"": [],
  ""Explanation"": ""The provided text does not contain any aspect properties as it is a general statement without specifying any action or time frame.""
}",[],"{
  ""Properties"": [""simple""],
  ""Explanation"": ""The text expresses a simple fact without indicating completion, ongoing action, or habitual action.""
}",['simple'],"{
  ""Properties"": [""simple""],
  ""Explanation"": ""The sentence expresses a simple fact without indicating any specific aspect of the action.""
}",['simple'],1,"{
  ""Properties"": [""simple""],
  ""Explanation"": ""The sentence expresses a simple fact without indicating completion, ongoingness, or habitual action.""
}",['simple'],"{
  ""Properties"": [""simple""],
  ""Explanation"": ""The text expresses a simple fact without indicating completion, ongoingness, or habitual action.""
}",['simple'],"{
  ""Properties"": [""simple""],
  ""Explanation"": ""The sentence expresses a simple fact without indicating completion, ongoingness, or habitual action.""
}",['simple'],1,['simple'],1,0,this should be an empty list,[],"[{'Answer': 'no', 'Explanation': 'The given sentence Also on communion between the communities. does not contain a verb or any indication of an action being performed, so it does not express any aspect, including the simple aspect.', 'Property': 'simple'}, {'Answer': 'no', 'Explanation': 'The given sentence Also on communion between the communities does not utilize the perfect aspect. The perfect aspect requires a form of the verb to have followed by a past participle, such as has eaten in the example provided. The given sentence does not contain such a construction, so it does not express a completed action using the perfect aspect.', 'Property': 'perfect'}, {'Answer': 'no', 'Explanation': 'The given sentence does not utilize the progressive aspect. It appears to be a fragment or incomplete thought rather than a complete sentence expressing an ongoing or habitual action.', 'Property': 'progressive'}, {'Answer': 'no', 'Explanation': 'The sentence Also on communion between the communities does not utilize the perfect progressive aspect. The perfect progressive aspect requires a form of the verb to have (e.g., has or have) followed by been and the present participle of the main verb. The given sentence does not contain any form of to have followed by been and a present participle, so it does not express the end of an ongoing action characteristic of the perfect progressive aspect.', 'Property': 'perfect progressive'}]",[]
9866,[],But he is now a full-fledged member of the nuclear club.,Aspect,['simple'],['simple'],['simple'],True,['simple'],"{
  ""Properties"": [""progressive""],
  ""Explanation"": ""The use of 'is now' indicates an ongoing or current state of being, suggesting a progressive aspect.""
}",['progressive'],"{
  ""Properties"": [""progressive""],
  ""Explanation"": ""The use of 'is now' indicates an ongoing or current state, suggesting a progressive aspect.""
}",['progressive'],"{
  ""Properties"": [""progressive""],
  ""Explanation"": ""The use of 'is now' indicates an ongoing or current status, qualifying for the progressive aspect.""
}",['progressive'],1,"{
  ""Properties"": [""progressive""],
  ""Explanation"": ""The use of 'is' indicates the ongoing nature of the action, suggesting that he has recently become a full-fledged member of the nuclear club.""
}",['progressive'],"{
  ""Properties"": [""progressive""],
  ""Explanation"": ""The use of 'is now' indicates an ongoing or current state, suggesting the progressive aspect.""
}",['progressive'],"{
  ""Properties"": [""progressive""],
  ""Explanation"": ""The use of 'is now' indicates an ongoing or current state, suggesting the progressive aspect.""
}",['progressive'],1,['progressive'],1,0,Seems to be relying on the definition provided in a looser way,['simple'],"[{'Answer': 'no', 'Explanation': 'The sentence But he is now a full-fledged member of the nuclear club. does not utilize the simple aspect. The use of is indicates the present progressive aspect, which shows an ongoing action or state in the present, rather than a simple fact.', 'Property': 'simple'}, {'Answer': 'no', 'Explanation': 'The sentence But he is now a full-fledged member of the nuclear club does not utilize the perfect aspect. The verb is is in the present tense, indicating ongoing or habitual action, rather than a completed action expressed by the perfect aspect.', 'Property': 'perfect'}, {'Answer': 'no', 'Explanation': 'The sentence But he is now a full-fledged member of the nuclear club. does not utilize the progressive aspect. The verb is is not followed by a present participle (-ing form), which is necessary to indicate the progressive aspect. Instead, the sentence describes a current state of being, rather than an ongoing or incomplete action.', 'Property': 'progressive'}, {'Answer': 'no', 'Explanation': 'The sentence But he is now a full-fledged member of the nuclear club does not utilize the perfect progressive aspect. The verb is is in the present tense, and there is no indication of ongoing action or a duration leading up to the present moment, which are characteristic of the perfect progressive aspect.', 'Property': 'perfect progressive'}]",[]
10425,[],Whom do you consider to be the most corrupt Democrat Politician?,Aspect,['simple'],['simple'],['simple'],True,[],"{
  ""Properties"": [],
  ""Explanation"": ""The given text does not contain any aspect properties as it is asking for an opinion."" 
}",[],"{
  ""Properties"": [],
  ""Explanation"": ""The given text does not contain any aspect properties as it is not a statement about an action or event."" 
}",[],"{
  ""Properties"": [],
  ""Explanation"": ""The text does not contain any examples of aspect as it is a straightforward question without any reference to actions or events.""
}",[],0,"{
  ""Properties"": [],
  ""Explanation"": ""Aspect properties are not applicable in this context as the question is about a subjective opinion and not about an action or event."" 
}",[],"{
  ""Properties"": [],
  ""Explanation"": ""The text does not contain any aspect properties as it is a question about opinion and not a statement about an action.""
}",[],"{
  ""Properties"": [],
  ""Explanation"": ""The given text does not contain any aspect properties as it is a question seeking an opinion and does not describe any actions or events.""
}",[],0,[],1,0,do questions not hve an aspect?,['simple'],"[{'Answer': 'no', 'Explanation': 'The sentence does not utilize the simple aspect. It includes the verb consider to be, which indicates a continuous or ongoing action, rather than a simple fact expressed by the simple aspect.', 'Property': 'simple'}, {'Answer': 'no', 'Explanation': 'The sentence Whom do you consider to be the most corrupt Democrat Politician? does not utilize the perfect aspect. It is a simple present tense construction, not expressing a completed action as the perfect aspect does.', 'Property': 'perfect'}, {'Answer': 'no', 'Explanation': 'The sentence Whom do you consider to be the most corrupt Democrat Politician? does not utilize the progressive aspect. It is a simple question asking for an opinion and does not express an ongoing, habitual, or incomplete action.', 'Property': 'progressive'}, {'Answer': 'no', 'Explanation': 'The sentence Whom do you consider to be the most corrupt Democrat Politician? does not utilize the perfect progressive aspect. The phrase to be is not indicating the ongoing nature of an action, which is characteristic of the perfect progressive aspect.', 'Property': 'perfect progressive'}]",[]
10448,[],Anybody?,Aspect,,,,True,,"{
  ""Properties"": [""simple""],
  ""Explanation"": ""The text expresses a simple fact without indicating completion, ongoingness, or habitual aspect.""
}",['simple'],"{
  ""Properties"": [""simple""],
  ""Explanation"": ""The text 'Anybody?' expresses a simple fact without indicating completion, progress, or ongoing action.""
}",['simple'],"{
  ""Properties"": [""simple"", ""progressive""],
  ""Explanation"": ""The text only contains simple and progressive aspects. There is no expression of completed or perfect ongoing actions.""
}","['simple', 'progressive']",0,"{
  ""Properties"": [""simple"", ""progressive""],
  ""Explanation"": ""The example text 'Rover eats bones.' uses the simple aspect to express a simple fact, while 'Rover is eating a bone.' uses the progressive aspect to express an ongoing action.""
}","['simple', 'progressive']","{
  ""Properties"": [""simple""],
  ""Explanation"": ""The sentence 'Anybody?' expresses a simple fact without indicating completion, ongoingness, or habitual action.""
}",['simple'],"{
  ""Properties"": [""simple""],
  ""Explanation"": ""The text 'Anybody?' expresses a simple fact without indicating completion, ongoingness, or habitual action.""
}",['simple'],0,['simple'],1,0,this should be an empty list,[],"[{'Answer': 'no', 'Explanation': 'The sentence Anybody? does not contain a verb, so it does not express any aspect, including the simple aspect. Aspect is a grammatical feature related to the way an action, state, or event is denoted by the verb, and since there is no verb in the given sentence, aspect cannot be determined.', 'Property': 'simple'}, {'Answer': 'no', 'Explanation': 'The given sentence does not utilize the perfect aspect. The perfect aspect requires the use of a form of the auxiliary verb have (e.g., has, have) followed by the past participle of the main verb. Since the sentence provided does not contain any form of have followed by a past participle, it does not express a completed action using the perfect aspect.', 'Property': 'perfect'}, {'Answer': 'no', 'Explanation': 'The sentence Anybody? does not utilize the progressive aspect, as it does not express an ongoing, habitual, or incomplete action. It is a simple statement or question without any indication of ongoing or incomplete action.', 'Property': 'progressive'}, {'Answer': 'no', 'Explanation': 'The sentence Anybody? does not utilize the perfect progressive aspect, as it does not contain any verb indicating ongoing action combined with the auxiliary verbs has been.', 'Property': 'perfect progressive'}]",[]
10497,[],SAN DIEGO -- People on the Mexican side of the border could be seen climbing the fence near Border Field State Park Tuesday afternoon after part of the Central American migrant caravan arrived in Tijuana.,Aspect,['simple'],['simple'],['simple'],True,['simple'],"{
  ""Properties"": [""progressive""],
  ""Explanation"": ""The use of 'could be seen climbing' indicates an ongoing or incomplete action, which aligns with the progressive aspect.""
}",['progressive'],"{
  ""Properties"": [
    ""progressive""
  ],
  ""Explanation"": ""The use of 'could be seen climbing' indicates an ongoing or habitual action, which is an example of the progressive aspect.""
}",['progressive'],"{
  ""Properties"": [
    ""progressive""
  ],
  ""Explanation"": ""The use of 'could be seen climbing' indicates an ongoing or habitual action, suggesting the use of the progressive aspect.""
}",['progressive'],1,"{
  ""Properties"": [""progressive""],
  ""Explanation"": ""The use of 'could be seen climbing' indicates an ongoing or incomplete action, suggesting the progressive aspect.""
}",['progressive'],"{
  ""Properties"": [""progressive""],
  ""Explanation"": ""The use of 'could be seen climbing' indicates an ongoing or incomplete action, suggesting the progressive aspect.""
}",['progressive'],timeout,[],1,['progressive'],0,1,,['progressive'],"[{'Answer': 'no', 'Explanation': 'The sentence does not utilize the simple aspect. Instead, it uses the could be seen climbing construction, which indicates the continuous aspect, suggesting ongoing or continuous action in the past.', 'Property': 'simple'}, {'Answer': 'no', 'Explanation': 'The given sentence does not utilize the perfect aspect. The verb could be seen climbing is in the progressive aspect, indicating an ongoing or continuous action, rather than the completed action expressed by the perfect aspect.', 'Property': 'perfect'}, {'Answer': 'yes', 'Explanation': 'The sentence People on the Mexican side of the border could be seen climbing the fence near Border Field State Park Tuesday afternoon after part of the Central American migrant caravan arrived in Tijuana utilizes the progressive aspect because it expresses an ongoing action of people climbing the fence at a specific time in the past.', 'Property': 'progressive'}, {'Answer': 'yes', 'Explanation': 'The sentence People on the Mexican side of the border could be seen climbing the fence utilizes the perfect progressive aspect, as it expresses an ongoing action that was happening up to a certain point in the past. The use of could be seen climbing indicates that the action was in progress and had not yet been completed at the time referred to in the sentence.', 'Property': 'perfect progressive'}]","['progressive', 'perfect_progressive']"
11846,[],"""St. Francis in Ecstacy"", Caravaggio, 1595",Aspect,,,,True,,"{
  ""Properties"": [],
  ""Explanation"": ""The given text is a title and artist attribution and does not contain any grammatical aspect to identify."" 
}",[],"{
  ""Properties"": [""simple""],
  ""Explanation"": ""The text provides a simple statement of a fact - the title, artist, and year of the painting. There are no indications of completed, ongoing, habitual, or incomplete actions.""
}",['simple'],"{
  ""Properties"": [""simple""],
  ""Explanation"": ""The text is a simple fact providing the title, artist, and year of a painting.""
}",['simple'],1,"{
  ""Properties"": [""simple""],
  ""Explanation"": ""The text simply provides information about the painting without indicating any specific aspect of the action.""
}",['simple'],"{
  ""Properties"": [""simple""],
  ""Explanation"": ""The provided text is a simple statement providing a fact about the painting.""
}",['simple'],"{
  ""Properties"": [""simple""],
  ""Explanation"": ""The provided text is a simple statement of fact, providing information about the title, artist, and year of a painting.""
}",['simple'],1,['simple'],1,0,this should be an empty list,[],"[{'Answer': 'no', 'Explanation': 'The given sentence does not contain a verb or any indication of an action, so it does not express any aspect of the verb tense, including the simple aspect.', 'Property': 'simple'}, {'Answer': 'no', 'Explanation': 'The sentence St. Francis in Ecstacy, Caravaggio, 1595 does not utilize the perfect aspect. It is a title and artist attribution, not a sentence expressing a completed action using the perfect aspect.', 'Property': 'perfect'}, {'Answer': 'no', 'Explanation': 'The given sentence does not utilize the progressive aspect. It appears to be a title and artist attribution rather than a sentence expressing an ongoing, habitual, or incomplete action.', 'Property': 'progressive'}, {'Answer': 'no', 'Explanation': 'The sentence St. Francis in Ecstacy, Caravaggio, 1595 does not utilize the perfect progressive aspect. It is a title and artist attribution, not a grammatical sentence expressing an ongoing action with the perfect progressive aspect.', 'Property': 'perfect progressive'}]",[]
11936,[],America's Immigration Voice.,Aspect,,,,True,,"{
    ""Properties"": [""simple""],
    ""Explanation"": ""The text 'America's Immigration Voice' presents a simple fact or statement without expressing any specific action or tense.""
}",['simple'],"{
    ""Properties"": [""simple""],
    ""Explanation"": ""The text expresses a simple fact without indicating any specific aspect of the action.""
}",['simple'],"{
  ""Properties"": [""simple"", ""progressive""],
  ""Explanation"": ""The text expresses a simple fact about a group or organization. It also conveys a sense of ongoing or habitual action in advocating for immigration issues.""
}","['simple', 'progressive']",0,"{
  ""Properties"": [""simple""],
  ""Explanation"": ""The text expresses a simple fact without indicating completion, ongoingness, or habitual action.""
}",['simple'],"{
  ""Properties"": [""simple""],
  ""Explanation"": ""The text expresses a simple fact without indicating completion, ongoingness, or habitual action.""
}",['simple'],"{
  ""Properties"": [""simple""],
  ""Explanation"": ""The text expresses a simple fact about America's immigration voice without indicating any specific aspect of time or completion.""
}",['simple'],1,['simple'],1,0,this should be an empty list,[],"[{'Answer': 'no', 'Explanation': 'The given text Americas Immigration Voice does not form a complete sentence, so it does not express any aspect of the verb tense, including the simple aspect.', 'Property': 'simple'}, {'Answer': 'no', 'Explanation': 'The given text Americas Immigration Voice does not form a complete sentence and therefore does not utilize the perfect aspect or any other grammatical aspect.', 'Property': 'perfect'}, {'Answer': 'no', 'Explanation': 'The sentence Americas Immigration Voice does not utilize the progressive aspect. The phrase does not contain a verb in the progressive form, so it does not express an ongoing, habitual, or incomplete action.', 'Property': 'progressive'}, {'Answer': 'no', 'Explanation': 'The sentence Americas Immigration Voice does not utilize the perfect progressive aspect. It appears to be a fragment or incomplete thought rather than a grammatically structured sentence.', 'Property': 'perfect progressive'}]",[]
13573,[],I am not a fan of Donald Trump.,Aspect,['simple'],['simple'],['simple'],True,[],"{
  ""Properties"": [""simple""],
  ""Explanation"": ""The sentence expresses a simple fact or statement of opinion without conveying any specific aspect of the action.""
}",['simple'],"{
  ""Properties"": [],
  ""Explanation"": ""The example text does not contain any aspect properties as it is a simple statement of opinion and does not describe any action or event.""
}",[],"{
  ""Properties"": [""simple""],
  ""Explanation"": ""The sentence expresses a simple fact without indicating any ongoing or completed action.""
}",['simple'],1,"{
  ""Properties"": [],
  ""Explanation"": ""The sentence does not contain any aspect properties as it simply expresses a simple fact without indicating completion, ongoingness, or habitual action.""
}",[],"{
  ""Properties"": [""simple""],
  ""Explanation"": ""The sentence expresses a simple fact about the speaker's opinion of Donald Trump.""
}",['simple'],"{
  ""Properties"": [],
  ""Explanation"": ""The sentence does not contain any aspect properties as it simply expresses a simple fact without indicating completion, ongoingness, or habitual action.""
}",[],1,[],1,0,Seems to be relying on the definition provided in a looser way,['simple'],"[{'Answer': 'no', 'Explanation': 'The sentence I am not a fan of Donald Trump does not utilize the simple aspect. The use of am indicates the present progressive tense, which is not considered simple aspect in grammar.', 'Property': 'simple'}, {'Answer': 'no', 'Explanation': 'The sentence I am not a fan of Donald Trump does not utilize the perfect aspect. The verb am is in the present tense and does not indicate a completed action, so the perfect aspect is not being used.', 'Property': 'perfect'}, {'Answer': 'no', 'Explanation': 'The sentence I am not a fan of Donald Trump does not utilize the progressive aspect. The verb am is a form of the verb to be and is not expressing an ongoing, habitual, or incomplete action.', 'Property': 'progressive'}, {'Answer': 'no', 'Explanation': 'The sentence I am not a fan of Donald Trump does not utilize the perfect progressive aspect. The sentence is in the present simple tense, indicating a general state of being, and does not express the end of an ongoing action characteristic of the perfect progressive aspect.', 'Property': 'perfect progressive'}]",[]
14038,[],And in Russia.,Aspect,,,,True,,"{
  ""Properties"": [],
  ""Explanation"": ""The text fragment 'And in Russia.' does not include any aspectual properties as it does not relate to a specific action or event.""
}",[],"{
  ""Properties"": [],
  ""Explanation"": ""The text 'And in Russia.' does not contain any aspect properties as it is a disconnected fragment without a specific action or tense.""
}",[],"{
  ""Properties"": [],
  ""Explanation"": ""The text 'And in Russia.' does not contain any explicit aspect properties as it does not convey any action or event.""
}",[],0,"{
  ""Properties"": [],
  ""Explanation"": ""The text 'And in Russia.' does not contain any aspect properties as it does not express an action or state in a specific tense or aspect."" 
}",[],"{
  ""Properties"": [],
  ""Explanation"": ""The text 'And in Russia.' does not contain any aspect properties as it does not express any action or state."" 
}",[],"{
  ""Properties"": [],
  ""Explanation"": ""The text 'And in Russia.' does not contain any aspect properties as it is not a complete sentence and does not express any specific action or state."" 
}",[],0,[],1,1,,[],"[{'Answer': 'no', 'Explanation': 'The phrase And in Russia does not contain a verb or express any action, so it does not utilize the simple aspect in the context of grammar.', 'Property': 'simple'}, {'Answer': 'no', 'Explanation': 'The sentence And in Russia does not utilize the perfect aspect. In fact, it does not contain a verb or express any action, so it cannot be associated with any specific grammatical aspect.', 'Property': 'perfect'}, {'Answer': 'no', 'Explanation': 'The sentence And in Russia does not contain a verb or any indication of an action, so it does not utilize the progressive aspect.', 'Property': 'progressive'}, {'Answer': 'no', 'Explanation': 'The sentence And in Russia does not utilize the perfect progressive aspect. It is not a complete sentence and does not contain a verb to express an ongoing action in the perfect progressive aspect.', 'Property': 'perfect progressive'}]",[]
14356,[],"The Justice Department, FBI and Office of the Director of National Intelligence are going through a methodical review and can’t offer a timeline for finishing, said the people, who weren’t authorized to speak publicly about the sensitive matter.",Aspect,"['progressive', 'simple']","['progressive', 'simple']","['progressive', 'simple']",True,['simple'],"{
  ""Properties"": [""simple"", ""progressive""],
  ""Explanation"": ""The sentence 'are going through' indicates a progressive action, while 'are' indicates a simple fact.""
}","['simple', 'progressive']","{
  ""Properties"": [""simple""],
  ""Explanation"": ""The sentence expresses a simple fact about the ongoing review process without specifying any completed, ongoing, or habitual action.""
}",['simple'],"{
  ""Properties"": [""simple""],
  ""Explanation"": ""The sentence expresses a simple fact about the ongoing review process without indicating completion, habituality, or ongoing action.""
}",['simple'],0,"{
  ""Properties"": [""progressive""],
  ""Explanation"": ""The use of 'are going through' indicates an ongoing or incomplete action, suggesting a progressive aspect.""
}",['progressive'],"{
  ""Properties"": [""progressive""],
  ""Explanation"": ""The use of 'are going through' indicates an ongoing or incomplete action, suggesting a progressive aspect.""
}",['progressive'],"{
  ""Properties"": [""progressive""],
  ""Explanation"": ""The use of 'are going through' indicates an ongoing or incomplete action, suggesting the progressive aspect.""
}",['progressive'],1,['progressive'],1,0,,"['progressive', 'simple']","[{'Answer': 'no', 'Explanation': 'The sentence does not utilize the simple aspect. Instead, it uses the present progressive aspect to indicate an ongoing action happening at the time of speaking.', 'Property': 'simple'}, {'Answer': 'no', 'Explanation': 'The given sentence does not utilize the perfect aspect. The verb are going indicates an ongoing action, rather than a completed one, so it does not express the perfect aspect.', 'Property': 'perfect'}, {'Answer': 'yes', 'Explanation': 'The sentence utilizes the progressive aspect because it expresses an ongoing action, the methodical review being conducted by the Justice Department, FBI, and Office of the Director of National Intelligence.', 'Property': 'progressive'}, {'Answer': 'no', 'Explanation': 'The given sentence does not utilize the perfect progressive aspect. The verb are going through indicates a continuous action in the present, but it does not express the completion of an ongoing action, which is characteristic of the perfect progressive aspect.', 'Property': 'perfect progressive'}]",['progressive']
14484,[],"They noted Haig's LinkedIn page, which says he worked for Boeing in Mesa as a senior liaison engineer in their unmanned helicopter division from 2010 to 2013.",Aspect,['simple'],['simple'],['simple'],True,['simple'],"{
  ""Properties"": [""simple"", ""perfect""],
  ""Explanation"": ""The sentence contains simple aspect as it expresses a simple fact about Haig's employment at Boeing. It also contains perfect aspect as it indicates a completed action of working for Boeing from 2010 to 2013.""
}","['simple', 'perfect']","{
  ""Properties"": [""simple""],
  ""Explanation"": ""The sentence describes a simple fact about Haig's work experience at Boeing in the past.""
}",['simple'],"{
  ""Properties"": [""simple""],
  ""Explanation"": ""The sentence expresses a simple fact about Haig's work history at Boeing without indicating any ongoing or completed actions.""
}",['simple'],0,"{
  ""Properties"": [""simple"", ""perfect""],
  ""Explanation"": ""The sentence describes a simple fact about Haig's work history at Boeing, and it refers to a completed action within a specific time frame.""
}","['simple', 'perfect']","{
  ""Properties"": [""simple"", ""perfect""],
  ""Explanation"": ""The sentence describes a simple fact about Haig's work history at Boeing, without emphasizing the ongoing or completed nature of the action.""
}","['simple', 'perfect']","{
  ""Properties"": [""simple"", ""perfect""],
  ""Explanation"": ""The sentence describes a simple fact about Haig's work history at Boeing, which is presented as a completed action in the past.""
}","['simple', 'perfect']",1,"['simple', 'perfect']",1,0,Seems to be relying on the definition provided in a looser way,['simple'],"[{'Answer': 'yes', 'Explanation': 'The sentence They noted Haigs LinkedIn page, which says he worked for Boeing in Mesa as a senior liaison engineer in their unmanned helicopter division from 2010 to 2013. utilizes the simple aspect, as it expresses a simple fact about the past without emphasizing the duration or completion of the action.', 'Property': 'simple'}, {'Answer': 'no', 'Explanation': 'The given sentence does not utilize the perfect aspect. The verb worked is in the simple past tense, indicating a completed action without emphasizing its relevance to the present moment, unlike the perfect aspect.', 'Property': 'perfect'}, {'Answer': 'no', 'Explanation': 'The given sentence does not utilize the progressive aspect. The verb says indicates a simple present tense, not an ongoing or incomplete action, which is characteristic of the progressive aspect.', 'Property': 'progressive'}, {'Answer': 'no', 'Explanation': 'The given sentence does not utilize the perfect progressive aspect. The sentence describes a past action without indicating ongoing or continuous duration, which is a characteristic of the perfect progressive aspect. Therefore, the aspect used in the sentence is not perfect progressive.', 'Property': 'perfect progressive'}]",['simple']
15233,[],"At first, Campos, a guard at the Mandalay Bay Resort and Casino, was hailed a hero for helping guide police to gunman Stephen Paddock’s room on the 32nd floor.",Aspect,['simple'],['simple'],['simple'],True,['simple'],"{
  ""Properties"": [""progressive""],
  ""Explanation"": ""The use of 'was hailed' indicates an ongoing or incomplete action, which aligns with the progressive aspect.""
}",['progressive'],"{
  ""Properties"": [
    ""progressive""
  ],
  ""Explanation"": ""The use of 'was hailed' indicates a past ongoing or incomplete action, so the progressive aspect is present in the sentence.""
}",['progressive'],"{
  ""Properties"": [""progressive""],
  ""Explanation"": ""The sentence 'was hailed' indicates a past ongoing or incomplete action, fitting the progressive aspect.""
}",['progressive'],1,"{
  ""Properties"": [""progressive""],
  ""Explanation"": ""The use of 'was hailed' indicates a past ongoing or incomplete action, suggesting the progressive aspect.""
}",['progressive'],"{
  ""Properties"": [""progressive""],
  ""Explanation"": ""The use of 'was hailed' indicates an ongoing or incomplete action, suggesting the initial perception of Campos as a hero was not a simple fact but rather a process that occurred over a period of time.""
}",['progressive'],"{
  ""Properties"": [""progressive""],
  ""Explanation"": ""The use of 'was hailed' indicates a past ongoing or incomplete action, suggesting the progressive aspect.""
}",['progressive'],1,['progressive'],1,0,Seems to be relying on the definition provided in a looser way,['simple'],"[{'Answer': 'no', 'Explanation': 'The given sentence does not utilize the simple aspect. It uses the past progressive aspect (was hailed) to indicate an ongoing action in the past, rather than a simple fact.', 'Property': 'simple'}, {'Answer': 'no', 'Explanation': 'The given sentence does not utilize the perfect aspect. It describes a past event without indicating completion, so it does not express a completed action characteristic of the perfect aspect.', 'Property': 'perfect'}, {'Answer': 'yes', 'Explanation': 'The sentence utilizes the progressive aspect as it describes an ongoing action in the past, indicating that Campos was being hailed a hero during a specific period of time in the past.', 'Property': 'progressive'}, {'Answer': 'no', 'Explanation': 'The given sentence does not utilize the perfect progressive aspect. It describes a past ongoing action (was hailed a hero), but it does not express the completion of that ongoing action, which is characteristic of the perfect progressive aspect.', 'Property': 'perfect progressive'}]",['progressive']
