sentence_id,technique,text,feature_id,props_a20,props_a21,props_a22,annotator_consistency,props_gpt4_majority,res_1.0_1,gpt_props_1.0_1,res_1.0_2,gpt_props_1.0_2,res_1.0_3,gpt_props_1.0_3,gpt3.5_1.0_consistency,res_0.2_1,gpt_props_0.2_1,res_0.2_2,gpt_props_0.2_2,res_0.2_3,gpt_props_0.2_3,gpt3.5_0.2_consistency,gpt3.5_0.2_majority,humans isCorrect,gpt isCorrect,comments,ground truth,resgpt-4o-mini_0.0_V4,propertygpt-4o-mini_0.0_V4
43,[0],"As a former trial lawyer, I can tell you that while neither notes nor memories are infallible, in a contest between contemporaneous notes and later verbal testimony about those notes, the content of the written notes usually prevails.",Predication,"['stative', 'active']","['stative', 'active']","['stative', 'active']",True,[],"{
  ""Properties"": [
    ""active"",
    ""compound""
  ],
  ""Explanation"": ""The sentence contains active verbs such as 'are' and 'is', and also multiple verbs about one subject, making it a compound predication.""
}","['active', 'compound']","{
  ""Properties"": [""active""],
  ""Explanation"": ""The text contains active verbs such as 'are', 'notes', 'are', 'infallible', 'content', and 'prevails'. These verbs indicate action or occurrence by the subject.""
}",['active'],"{
  ""Properties"": [""active"", ""stative""],
  ""Explanation"": ""The text contains active verbs (are, is) and stative verbs (are, is) to describe the state of something or someone.""
}","['active', 'stative']",False,"{
  ""Properties"": [""active""],
  ""Explanation"": ""The text contains active verbs such as 'are', 'is', 'are', and 'prevails'. These active verbs indicate actions performed by the subjects in the sentence.""
}",['active'],"{
  ""Properties"": [""active""],
  ""Explanation"": ""The sentence contains active verbs such as 'are' and 'prevails'.""
}",['active'],"{
  ""Properties"": [""active""],
  ""Explanation"": ""The sentence contains active verbs such as 'are', 'are', 'prevails'. These active verbs indicate actions performed by the subject, meeting the criteria for the active property.""
}",['active'],1,['active'],1.0,0.0,GPT is mixing up the properties and definitions,"['stative', 'active']","[{'Answer': 'no', 'Explanation': 'The sentence provided does not contain active voice verbs. Instead, it primarily uses passive constructions and focuses on the state of being rather than actions performed by a subject. The verbs are and prevails do not indicate an active action performed by the subject; rather, they describe a condition or outcome.', 'Property': 'active'}, {'Answer': 'no', 'Explanation': 'The sentence provided does not contain stative voice verbs. It discusses the relationship between notes and memories, but the verbs used do not fit the criteria for stative voice. There are no instances of be as a helping verb, and the main verbs do not indicate a state of being or receiving an action in the manner described for stative voice.', 'Property': 'stative'}, {'Answer': 'no', 'Explanation': 'The provided sentence does not exhibit compound predication voice, as it does not use both active and passive voice regarding a single subject. Instead, it presents a complex idea about the reliability of notes versus verbal testimony without switching between active and passive constructions for the same subject.', 'Property': 'compound'}]",[]
83,[1],"A dark, impenetrable and “irreversible” winter of persecution of the faithful by their own shepherds will fall.",Predication,['active'],['active'],['active'],True,[],"{
  ""Properties"": [],
  ""Explanation"": ""The example text does not contain any active, stative, or compound predicates. Instead, it is a complex sentence expressing a prediction about a future event without specifying any particular action or state.""
}",[],"{
  ""Properties"": [""stative""],
  ""Explanation"": ""The sentence contains the stative verb 'irreversible' which describes a state rather than an action.""
}",['stative'],"{
  ""Properties"": [""stative"", ""compound""],
  ""Explanation"": ""The phrase 'will fall' contains a stative verb ('fall') indicating a state or condition. The sentence also contains a compound verb structure with 'will fall' and 'will fall', involving multiple verbs about one subject.""
}","['stative', 'compound']",False,"{
  ""Properties"": [""stative""],
  ""Explanation"": ""The sentence contains the stative verb 'will fall', indicating a state or condition that will occur in the future.""
}",['stative'],"{
  ""Properties"": [""stative""],
  ""Explanation"": ""The sentence contains a stative verb 'will fall' to describe a future state of being.""
}",['stative'],"{
  ""Properties"": [""stative""],
  ""Explanation"": ""The sentence contains a stative verb 'will fall' which describes a state of being rather than an action.""
}",['stative'],1,['stative'],1.0,0.0,GPT is mixing up the properties and definitions,['active'],"[{'Answer': 'no', 'Explanation': 'The sentence describes a situation where a dark, impenetrable and “irreversible” winter of persecution is the subject, but it does not perform an action. Instead, it is the object of the action (persecution) being described. The verb will fall does not indicate an active action performed by the subject; rather, it suggests a state or condition that will occur. Therefore, the sentence does not contain active voice.', 'Property': 'active'}, {'Answer': 'no', 'Explanation': 'The sentence does not contain stative voice because it does not use be as a helping verb, nor does it have a main verb that is in a passive construction. The main verb will fall indicates an action that will occur, rather than a state of being or a condition that is being received by the subject.', 'Property': 'stative'}, {'Answer': 'no', 'Explanation': 'The sentence provided does not contain both active and passive voice regarding a single subject. It describes a situation in a straightforward manner without switching between active and passive constructions. The phrase will fall indicates a future action but does not imply that the subject (winter) is being acted upon in a passive sense, nor does it include an active voice construction about the same subject.', 'Property': 'compound'}]",[]
118,[1],"In any case, note well: the letter to me from the UK Home Office said that I was banned for saying that “[Islam] is a religion and is a belief system that mandates warfare against unbelievers…”",Predication,"['stative', 'active']","['stative', 'active']","['stative', 'active']",True,[],"{
  ""Properties"": [""active""],
  ""Explanation"": ""The sentence contains an active verb 'said' in the clause 'the letter to me from the UK Home Office said'.""
}",['active'],"{
  ""Properties"": [""active""],
  ""Explanation"": ""The example text contains active verbs such as 'said' and 'saying', indicating the use of active voice.""
}",['active'],"{
  ""Properties"": [""active""],
  ""Explanation"": ""The example contains active verbs, such as 'said', which indicate the action being performed by the subject.""
}",['active'],True,"{
  ""Properties"": [""stative""],
  ""Explanation"": ""The sentence contains a stative verb 'is' in the phrase '[Islam] is a religion and is a belief system'. This indicates a state of being rather than an action.""
}",['stative'],"{
  ""Properties"": [""stative""],
  ""Explanation"": ""The sentence contains the stative verb 'is' in the phrase '[Islam] is a religion and is a belief system'. This indicates a state of being rather than an action, fulfilling the stative property.""
}",['stative'],"{
  ""Properties"": [""stative""],
  ""Explanation"": ""The sentence contains the stative verb 'is' in the phrase '[Islam] is a religion and is a belief system'. This indicates a state of being rather than an action.""
}",['stative'],1,['stative'],1.0,0.0,GPT is mixing up the properties and definitions,"['stative', 'active']","[{'Answer': 'no', 'Explanation': 'The sentence provided does not contain active voice verbs. The main clause the letter to me from the UK Home Office said has the letter as the subject, but the action described (said) does not indicate that the subject is performing an action in the active sense. Instead, it reports what the letter communicated, which is a passive construction regarding the content of the letter. The phrase I was banned also indicates a passive voice, as the subject I is receiving the action rather than performing it.', 'Property': 'active'}, {'Answer': 'no', 'Explanation': 'The sentence does not contain stative voice verbs. The main verb said is an action verb, and the sentence does not use be as a helping verb in conjunction with a main verb that does not end in ing. Instead, it describes an action performed by the subject (the letter) rather than a state of being or receiving an action.', 'Property': 'stative'}, {'Answer': 'no', 'Explanation': 'The provided sentence does not exhibit compound predication voice, as it does not use both active and passive voice regarding a single subject. Instead, it primarily presents information in a straightforward manner without the duality of voice that characterizes compound predication.', 'Property': 'compound'}]",[]
243,[2 6],Women everywhere should be furious.,Predication,['stative'],['stative'],['stative'],True,[],"{
  ""Properties"": [
    ""stative""
  ],
  ""Explanation"": ""The sentence uses the stative verb 'should be' to express a state of being, rather than an action.""
}",['stative'],"{
  ""Properties"": [""active""],
  ""Explanation"": ""The sentence contains an active verb 'should be furious.'""
}",['active'],"{
  ""Properties"": [""active""],
  ""Explanation"": ""The sentence contains an active verb 'should be furious.' It is directly calling on women to feel a certain way.""
}",['active'],False,"{
  ""Properties"": [""active""],
  ""Explanation"": ""The sentence contains an active verb 'should be furious' which expresses an action.""
}",['active'],"{
  ""Properties"": [""active""],
  ""Explanation"": ""The sentence contains an active verb 'should be furious.'""
}",['active'],"{
  ""Properties"": [""active""],
  ""Explanation"": ""The sentence contains an active verb 'should be furious.'""
}",['active'],1,['active'],1.0,0.0,GPT is mixing up the properties and definitions,['stative'],"[{'Answer': 'no', 'Explanation': 'The sentence Women everywhere should be furious does not contain an active voice verb because it does not describe an action being performed by the subject (Women). Instead, it expresses a state of being or an emotional response (should be furious), which does not involve an action performed by the subject.', 'Property': 'active'}, {'Answer': 'no', 'Explanation': 'The sentence Women everywhere should be furious does not contain a stative voice verb. The main verb be is used in a modal construction (should be), but it does not indicate that the subject (women) is receiving an action. Instead, it expresses a state of being or condition (being furious) rather than an action being performed on the subject.', 'Property': 'stative'}, {'Answer': 'no', 'Explanation': 'The sentence Women everywhere should be furious does not contain both active and passive voice about a single subject. It is a straightforward statement in the active voice, expressing a sentiment about women. There is no passive construction present, which is necessary for a sentence to be classified as having compound predication voice.', 'Property': 'compound'}]",[]
249,[2],"Although the claims are intriguing, it is important to remember that after virtually every terror attack and mass shooting, friends and neighbors express shock that the culprit would be capable of carrying out such horrors, with some outright denying it to be possible.",Predication,"['stative', 'active']","['stative', 'active']","['stative', 'active']",True,[],"{
  ""Properties"": [""active"", ""stative""],
  ""Explanation"": ""The text contains active verbs (express, carrying) and stative verbs (are, is, denying).""
}","['active', 'stative']","{
  ""Properties"": [""active"", ""compound""],
  ""Explanation"": ""The text contains active verbs such as 'are', 'is', 'remember', 'express', 'denying' which indicate active voice. Additionally, it also has compound verbs 'is important', 'would be capable', and 'carrying out', where multiple verbs are connected to one subject.""
}","['active', 'compound']","{
  ""Properties"": [""active"", ""stative"", ""compound""],
  ""Explanation"": ""The example contains active verbs ('are', 'is', 'remember', 'express', 'carrying', 'denying'), stative verb ('is'), and compound verbs ('is important', 'would be capable', 'carrying out').""
}","['active', 'stative', 'compound']",False,"{
  ""Properties"": [""active"", ""stative"", ""compound""],
  ""Explanation"": ""The text contains active verbs (are, express, denying), stative verbs (are), and compound verbs (would be, carrying out).""
}","['active', 'stative', 'compound']","{
  ""Properties"": [""active"", ""stative""],
  ""Explanation"": ""The text contains both active verbs (express, carrying out) and stative verbs (are, is, denying).""
}","['active', 'stative']","{
  ""Properties"": [""active"", ""compound""],
  ""Explanation"": ""The text contains active verbs such as 'are', 'is', 'remember', 'express', 'denying' and also has a compound structure with multiple verbs 'are', 'express', 'denying' about one subject.""
}","['active', 'compound']",0,"['active', 'stative', 'compound']",1.0,0.0,GPT is mixing up the properties and definitions,"['stative', 'active']","[{'Answer': 'no', 'Explanation': 'The sentence primarily uses passive constructions and does not focus on a subject performing an action in an active voice. Phrases like friends and neighbors express shock do contain active voice, but the overall structure of the sentence is complex and includes passive elements, making it not predominantly active voice.', 'Property': 'active'}, {'Answer': 'no', 'Explanation': 'The sentence does not contain stative voice verbs. The verbs are and express do not fit the criteria for stative voice as defined, since are is part of a linking verb construction and express is an action verb. Additionally, the main verbs do not involve a subject receiving an action in a stative manner.', 'Property': 'stative'}, {'Answer': 'no', 'Explanation': 'The provided sentence does not exhibit compound predication voice, as it does not use both active and passive voice about a single subject. Instead, it primarily maintains an active voice throughout, discussing the actions and reactions of friends and neighbors without incorporating a passive construction related to the same subject.', 'Property': 'compound'}]",[]
263,[3],"While Obama pardoned drug dealers and locked up ranchers, Trump pardons ranchers and locks up drug dealers.",Predication,['active'],['active'],['active'],True,[],"{
  ""Properties"": [""compound""],
  ""Explanation"": ""The sentence contains compound predication, as it expresses two contrasting actions (pardoning and locking up) related to two different subjects (drug dealers and ranchers) in a parallel structure.""
}",['compound'],"{
  ""Properties"": [""active"", ""compound""],
  ""Explanation"": ""The sentence contains active verbs 'pardoned' and 'locked up', as well as a compound structure with multiple verbs about one subject (Obama and Trump) in the same sentence.""
}","['active', 'compound']","{
  ""Properties"": [""active"", ""compound""],
  ""Explanation"": ""The sentence contains active verbs ('pardoned', 'locked up') and also features a compound structure with multiple verbs related to the same subject.""
}","['active', 'compound']",False,"{
  ""Properties"": [""active"", ""compound""],
  ""Explanation"": ""The sentence contains active verbs ('pardoned', 'locked up') and also has a compound structure with multiple verbs ('pardoned', 'locked up') about one subject ('Obama', 'Trump').""
}","['active', 'compound']","{
  ""Properties"": [""compound""],
  ""Explanation"": ""The sentence contains a compound structure with multiple verbs ('pardons', 'locked up') about one subject ('Obama' and 'Trump').""
}",['compound'],"{
  ""Properties"": [""active"", ""compound""],
  ""Explanation"": ""The sentence contains active verbs ('pardoned', 'locked up') and also has a compound structure with multiple verbs ('pardoned', 'locked up') about one subject ('Obama', 'Trump').""
}","['active', 'compound']",0,"['active', 'compound']",1.0,0.0,GPT is misinterpreting a property,['active'],"[{'Answer': 'yes', 'Explanation': 'The sentence contains active voice because the subjects (Obama and Trump) are performing the actions (pardoning and locking up). In both clauses, the subjects are directly engaged in the actions, which is characteristic of active voice.', 'Property': 'active'}, {'Answer': 'no', 'Explanation': 'The sentence does not contain stative voice verbs. Instead, it features active voice verbs where the subjects (Obama and Trump) are performing actions (pardoning and locking up). Stative voice requires the subject to receive the action, typically using be as a helping verb, which is not present in this sentence.', 'Property': 'stative'}, {'Answer': 'no', 'Explanation': 'The sentence provided does not exhibit compound predication voice as defined. Instead, it presents two contrasting actions performed by two different subjects (Obama and Trump) without using both active and passive voice about a single subject. The actions are in active voice throughout, and there is no passive construction involved.', 'Property': 'compound'}]",['active']
265,[3],"No Catholic, whether or not he consults a priest, can declare for himself that his marriage in the Church was invalid, especially when—indeed because—he lacks canonical proof of invalidity.",Predication,"['stative', 'active']","['stative', 'active']","['stative', 'active']",True,[],"{
  ""Properties"": [""stative"", ""compound""],
  ""Explanation"": ""The sentence includes a stative verb 'was' and a compound structure with multiple verbs ('can declare,' 'lacks').""
}","['stative', 'compound']","{
  ""Properties"": [""active""],
  ""Explanation"": ""The sentence contains an active verb 'consults' and uses an active voice construction.""
}",['active'],"{
  ""Properties"": [""active""],
  ""Explanation"": ""The text contains active verbs such as 'declare,' 'consults,' 'can' and 'lacks,' indicating the use of active voice.""
}",['active'],False,"{
  ""Properties"": [""stative""],
  ""Explanation"": ""The sentence contains a stative verb 'was' to express a state of being (invalid).""
}",['stative'],"{
  ""Properties"": [""active""],
  ""Explanation"": ""The sentence contains an active verb 'consults' and 'declare' which indicate action being performed by the subject.""
}",['active'],"{
  ""Properties"": [""active"", ""stative""],
  ""Explanation"": ""The text contains active verbs (consults, can declare) and a stative verb (is).""
}","['active', 'stative']",0,['stative'],1.0,0.0,,"['stative', 'active']","[{'Answer': 'no', 'Explanation': 'The sentence provided does not contain active voice verbs. Instead, it primarily discusses the inability of a Catholic to declare the invalidity of a marriage without canonical proof. The subject No Catholic is not performing an action but is rather the focus of a statement about a condition or limitation. The verbs in the sentence (can declare, was invalid, lacks) do not illustrate an active action performed by the subject in the way that active voice typically does.', 'Property': 'active'}, {'Answer': 'no', 'Explanation': 'The sentence does not contain stative voice verbs as defined in the provided context. The verbs present do not use be as a helping verb, nor do they fit the criteria of having the subject receiving the action. Instead, the sentence discusses the ability of a Catholic to declare the validity of his marriage, which involves active decision-making rather than a stative condition.', 'Property': 'stative'}, {'Answer': 'no', 'Explanation': 'The sentence provided does not exhibit compound predication voice, as it does not use both active and passive voice regarding a single subject. Instead, it presents a single assertion about a Catholics ability to declare the invalidity of his marriage without involving a contrasting active or passive construction.', 'Property': 'compound'}]",[]
282,[3 9],"And if Trumpism is not the future of the GOP, it is hard to see what a promising GOP agenda might look like.",Predication,['stative'],['stative'],['stative'],True,"['stative', 'active']","{
  ""Properties"": [""stative""],
  ""Explanation"": ""The sentence contains a stative verb 'is' indicating a state of being.""
}",['stative'],"{
  ""Properties"": [""stative""],
  ""Explanation"": ""The sentence contains the stative verb 'is' as part of the phrase 'is not'. This indicates a state of being or a condition rather than an action.""
}",['stative'],"{
  ""Properties"": [""stative""],
  ""Explanation"": ""The sentence contains a stative verb 'is', indicating a state of being rather than action.""
}",['stative'],True,"{
  ""Properties"": [""active""],
  ""Explanation"": ""The sentence contains an active verb 'is' and 'look'.""
}",['active'],"{
  ""Properties"": [""active""],
  ""Explanation"": ""The sentence contains an active verb 'is' which is used to express a state of being.""
}",['active'],"{
  ""Properties"": [""active""],
  ""Explanation"": ""The sentence contains an active verb 'is' and 'look' which indicates action being performed by the subject.""
}",['active'],1,['active'],1.0,0.0,GPT is mixing up the properties and definitions,['stative'],"[{'Answer': 'no', 'Explanation': 'The sentence does not contain active voice because the subject it is not performing an action. Instead, it is the subject of the clause that describes a state of being or condition (is hard to see), rather than an action being performed by the subject. The focus is on the state of the GOP agenda rather than an active action taken by a subject.', 'Property': 'active'}, {'Answer': 'no', 'Explanation': 'The sentence does not contain stative voice verbs. The main verbs is and might look do not fit the criteria for stative voice as defined. Is serves as a linking verb, but might look is not a stative verb; it indicates a potential action or state rather than a passive reception of an action.', 'Property': 'stative'}, {'Answer': 'no', 'Explanation': 'The sentence provided does not exhibit compound predication voice, as it does not use both active and passive voice regarding a single subject. Instead, it presents a straightforward statement about Trumpism and the GOP agenda without the duality of voice that characterizes compound predication.', 'Property': 'compound'}]",[]
313,[3],"“The Prologue set this choice before us, the world or Our Lord, as mutually exclusive alternatives; we cannot remain neutral, but must belong wholly to the one or wholly to the other.”",Predication,"['stative', 'active']","['stative', 'active']","['stative', 'active']",True,"['stative', 'active']","{
  ""Properties"": [""active""],
  ""Explanation"": ""The text contains active verbs like 'set' and 'belong', which indicates action or movement.""
}",['active'],"{
  ""Properties"": [""active"", ""stative""],
  ""Explanation"": ""The text contains both active ('set') and stative ('cannot remain') verbs.""
}","['active', 'stative']","{
  ""Properties"": [""stative""],
  ""Explanation"": ""The sentence contains a stative verb 'remain' which indicates a state of being.""
}",['stative'],False,"{
  ""Properties"": [""active""],
  ""Explanation"": ""The text contains active verbs such as 'set' and 'belong', which indicate actions being performed by the subjects.""
}",['active'],"{
  ""Properties"": [""active"", ""stative""],
  ""Explanation"": ""The text contains both active verbs (set, belong) and stative verbs (remain, belong) indicating action and state of being.""
}","['active', 'stative']","{
  ""Properties"": [""active""],
  ""Explanation"": ""The sentence contains active verbs 'set' and 'belong' which indicate action being performed by the subject.""
}",['active'],0,['active'],1.0,0.0,,"['stative', 'active']","[{'Answer': 'no', 'Explanation': 'The sentence provided does not contain active voice verbs. In active voice, the subject performs the action of the verb. In this sentence, The Prologue is the subject, but the verbs set and must belong do not clearly indicate an action being performed in a straightforward manner. The structure is more complex and involves a philosophical statement rather than a direct action, making it less representative of active voice.', 'Property': 'active'}, {'Answer': 'no', 'Explanation': 'The sentence does not contain stative voice verbs. Instead, it uses active voice with the main verb set, which indicates an action performed by the subject The Prologue. Additionally, there are no instances of be as a helping verb, and the main verbs do not fit the criteria for stative voice verbs as described.', 'Property': 'stative'}, {'Answer': 'no', 'Explanation': 'The sentence provided does not exhibit compound predication voice, as it does not use both active and passive voice regarding a single subject. Instead, it presents a series of statements that express a choice between two alternatives without employing a passive construction. The focus is on the active choice presented to the subject rather than a combination of active and passive voice.', 'Property': 'compound'}]",[]
319,[3],It’s not coming back.,Predication,['active'],['active'],['active'],True,['active'],"{
  ""Properties"": [
    ""stative""
  ],
  ""Explanation"": ""The sentence contains a stative verb 'coming' that expresses a state of being, rather than an action.""
}",['stative'],"{
  ""Properties"": [""stative""],
  ""Explanation"": ""The sentence contains a stative verb 'coming' indicating a state of absence or non-existence.""
}",['stative'],"{
  ""Properties"": [""stative""],
  ""Explanation"": ""The sentence uses a stative verb 'coming' to describe a state of being for the subject. It does not involve an action in progress.""
}",['stative'],True,"{
  ""Properties"": [""stative""],
  ""Explanation"": ""The sentence contains a stative verb 'coming' which expresses a state rather than an action.""
}",['stative'],"{
  ""Properties"": [""stative""],
  ""Explanation"": ""The sentence contains a stative verb 'coming' which describes a state rather than an action.""
}",['stative'],"{
  ""Properties"": [""stative""],
  ""Explanation"": ""The sentence contains a stative verb 'coming' which describes a state rather than an action.""
}",['stative'],1,['stative'],1.0,0.0,,['active'],"[{'Answer': 'no', 'Explanation': 'The sentence It’s not coming back does not contain an active voice verb because the subject It is not performing an action; rather, it is the recipient of the action implied by coming back. In active voice, the subject should be the doer of the action, which is not the case here.', 'Property': 'active'}, {'Answer': 'no', 'Explanation': 'The sentence It’s not coming back does not contain a stative voice verb. The main verb coming is in the present participle form, ending in ing, which contradicts the definition of stative voice verbs that require the main verb to not end in ing. Additionally, the sentence does not follow the structure of a stative verb phrase that includes be as a helping verb with a main verb that indicates a state rather than an action.', 'Property': 'stative'}, {'Answer': 'no', 'Explanation': 'The sentence It’s not coming back does not exhibit compound predication voice because it only uses a single voice (active) and does not combine both active and passive constructions about a single subject. In compound predication voice, there would need to be a clear instance of both active and passive voice referring to the same subject, which is not present in this sentence.', 'Property': 'compound'}]",[]
369,[4 3],"To bless always means that something shall flourish, because only then when there is a blessing upon a cause or a project, will something good come out of it.",Predication,"['stative', 'active']","['stative', 'active']","['stative', 'active']",True,"['stative', 'active']","{
  ""Properties"": [""stative""],
  ""Explanation"": ""The text contains a stative verb 'means' to express a state or condition.""
}",['stative'],"{
  ""Properties"": [""stative""],
  ""Explanation"": ""The text contains stative verbs such as 'means' and 'shall flourish', indicating a state or condition.""
}",['stative'],"{
  ""Properties"": [""stative""],
  ""Explanation"": ""The text contains the stative property of predication because it includes the stative verb 'means.' Stative verbs express a state or condition, and in this case, it conveys the meaning of the action of blessing.""
}",['stative'],True,"{
  ""Properties"": [""stative""],
  ""Explanation"": ""The text contains a stative verb 'means' which expresses a state or condition rather than an action.""
}",['stative'],"{
  ""Properties"": [""stative""],
  ""Explanation"": ""The text contains a stative verb 'means' which expresses a state or condition rather than an action.""
}",['stative'],"{
  ""Properties"": [""stative""],
  ""Explanation"": ""The text contains a stative verb 'means' which expresses a state rather than an action.""
}",['stative'],1,['stative'],1.0,0.0,,"['stative', 'active']","[{'Answer': 'no', 'Explanation': 'The sentence provided does not contain active voice verbs. Instead, it uses a passive construction with phrases like there is a blessing and something good come out of it, where the subject is not performing the action but rather receiving it. In active voice, the subject would be the one performing the action directly, which is not the case here.', 'Property': 'active'}, {'Answer': 'no', 'Explanation': 'The sentence does not contain stative voice verbs. It describes a condition or state (to bless always means) but does not use be as a helping verb nor does it have a main verb that fits the criteria for stative voice. The verbs present do not indicate that the subject is receiving an action; rather, they express a general truth or condition.', 'Property': 'stative'}, {'Answer': 'no', 'Explanation': 'The provided sentence does not exhibit compound predication voice, as it does not use both active and passive voice about a single subject. Instead, it primarily maintains an active voice throughout, discussing the implications of blessing without shifting to a passive construction related to the same subject.', 'Property': 'compound'}]",[]
392,[ 9 13  4],"“Their only defense was that the activities they described were either non-partisan or were not officially taken by the company,” Carlson said Monday night, describing Google’s official response to his requests for comment, before challenging the company’s response: “But of course they were both.",Predication,"['stative', 'active']","['stative', 'active']","['stative', 'active']",True,"['stative', 'compound', 'active']","{
  ""Properties"": [""active"", ""compound""],
  ""Explanation"": ""The text contains active verbs ('was,' 'described,' 'challenging') and a compound structure with multiple verbs about one subject ('was,' 'described,' 'challenging').""
}","['active', 'compound']","{
  ""Properties"": [""active""],
  ""Explanation"": ""The text contains active verbs such as 'described', 'said', and 'challenging'.""
}",['active'],"{
  ""Properties"": [""active"", ""stative"", ""compound""]
} 
 ","['active', 'stative', 'compound']",False,"{
  ""Properties"": [""active"", ""compound""],
  ""Explanation"": ""The text contains active verbs such as 'described' and 'challenging', as well as a compound verb 'were...taken' involving multiple verbs about one subject.""
}","['active', 'compound']","{
  ""Properties"": [""active"", ""compound""]
}

 	","['active', 'compound']","{
  ""Properties"": [""active""],
  ""Explanation"": ""The text contains active verbs such as 'described' and 'challenging', indicating actions performed by the subject.""
}",['active'],0,"['active', 'compound']",0.0,1.0,,"['active', 'compound']","[{'Answer': 'no', 'Explanation': 'The sentence provided does not contain active voice verbs. Instead, it primarily uses a passive construction where the subject (the activities they described) is not performing an action but rather being described. The verbs was and were indicate a state of being rather than an action performed by the subject, which is characteristic of passive voice.', 'Property': 'active'}, {'Answer': 'no', 'Explanation': 'The sentence does not contain stative voice verbs. The verbs was and were are used in a context that describes states or conditions, but they do not fit the definition of stative voice as described. The main verbs in the sentence (described, taken) do not follow the criteria of having be as a helping verb with the main verb not ending in ing. Instead, they are part of a more complex structure that does not exemplify stative predication.', 'Property': 'stative'}, {'Answer': 'no', 'Explanation': 'The sentence provided does not exhibit compound predication voice, as it does not use both active and passive voice about a single subject. Instead, it primarily presents a statement in active voice regarding the defense and the activities described, without a clear instance of passive construction related to the same subject.', 'Property': 'compound'}]",[]
515,[5 8 4],"Wicked men in the sight of God are those who have the knowledge of what to do when it comes to the right, but over and over again, they turn their shoulders and choose the wrong, through tolerance and apathy Americans are bringing upon themselves destruction (Deuteronomy 30:19) that will not be reversed, which leaves no alternative as to why God judges and is judging America today (Deuteronomy 28:63).",Predication,"['stative', 'active']","['stative', 'active']","['stative', 'active']",True,"['stative', 'active']","{
  ""Properties"": [""stative"", ""compound""],
  ""Explanation"": ""The text contains stative verbs such as 'are' and 'is,' which express a state of being. It also includes compound verbs like 'have' and 'turn' which have multiple verbs related to one subject.""
}","['stative', 'compound']","{
  ""Properties"": [""stative""],
  ""Explanation"": ""The example text contains stative verbs such as 'are' and 'is' to express the state of being of the subjects 'wicked men' and 'America'. The verbs describe the condition or state of the subjects rather than action.""
}",['stative'],"{
  ""Properties"": [""stative""],
  ""Explanation"": ""The text contains stative verbs like 'are', 'have', 'is', 'will', which indicate a state or condition rather than an action. These verbs express the state of being or the state of something.""
}",['stative'],False,"{
  ""Properties"": [""stative""],
  ""Explanation"": ""The text contains stative verbs such as 'are', 'have', 'is', and 'leaves', which express a state of being or existence rather than action.""
}",['stative'],"{
  ""Properties"": [""stative""],
  ""Explanation"": ""The text contains stative verbs such as 'are', 'have', 'is', and 'leaves', which express a state of being or existence rather than an action.""
}",['stative'],"{
  ""Properties"": [""stative""],
  ""Explanation"": ""The text contains stative verbs such as 'are', 'have', 'is', and 'leaves', which express a state of being or existence rather than action.""
}",['stative'],1,['stative'],0.0,0.0,,"['active', 'stative', 'compound']","[{'Answer': 'no', 'Explanation': 'The sentence primarily uses passive constructions and does not clearly present a subject performing an action. Phrases like are those who have the knowledge and is judging America today indicate a lack of active voice, as the subjects are not directly performing actions but rather being described or judged.', 'Property': 'active'}, {'Answer': 'no', 'Explanation': 'The sentence does not contain stative voice verbs as defined. It does not have be as a helping verb, nor does it feature a main verb that does not end in ing. The verbs present in the sentence, such as are, have, and turn, do not fit the criteria for stative voice as described.', 'Property': 'stative'}, {'Answer': 'no', 'Explanation': 'The provided sentence does not exhibit compound predication voice as defined. It does not use both active and passive voice about a single subject. Instead, it primarily presents a series of statements in the active voice, discussing the actions and consequences related to wicked men and Americans without employing a passive construction that would indicate a compound voice.', 'Property': 'compound'}]",[]
900,[6 9],His warning against making the resistance to jihad a “battle between us and the entire religion” is odd.,Predication,['stative'],['stative'],['stative'],True,['active'],"{
  ""Properties"": [""active""],
  ""Explanation"": ""The text contains an active verb 'is' and a direct object 'odd', which makes use of the active voice. The verb 'is' is the core of the predication, and it is in the active voice.""
}",['active'],"{
  ""Properties"": [""active""],
  ""Explanation"": ""The sentence contains an active verb 'is', which indicates the use of active voice.""
}",['active'],"{
  ""Properties"": [""active""],
  ""Explanation"": ""The text contains an active verb 'is' in the form 'is + adjective' (is odd).""
}",['active'],True,"{
  ""Properties"": [""active""],
  ""Explanation"": ""The sentence contains an active verb 'is' in the form of 'is odd.'""
}",['active'],"{
  ""Properties"": [""active""],
  ""Explanation"": ""The sentence contains an active verb 'is' in the form of 'is odd.'""
}",['active'],"{
  ""Properties"": [""active""],
  ""Explanation"": ""The sentence contains an active verb 'is' in the form of 'is odd.'""
}",['active'],1,['active'],1.0,0.0,,['stative'],"[{'Answer': 'no', 'Explanation': 'The sentence does not contain an active voice verb because the subject His warning is not performing an action. Instead, it is the subject of the sentence that is being described as odd. The main verb is indicates a state of being rather than an action performed by the subject.', 'Property': 'active'}, {'Answer': 'no', 'Explanation': 'The sentence does not contain stative voice because it does not use be as a helping verb, nor does it have a structure where the subject receives the action. Instead, the subject His warning is performing the action of being odd, which is a descriptive state rather than a stative verb construction.', 'Property': 'stative'}, {'Answer': 'no', 'Explanation': 'The sentence provided does not exhibit characteristics of compound predication voice, as it does not use both active and passive voice regarding a single subject. Instead, it presents a single statement about his warning without contrasting or combining active and passive constructions.', 'Property': 'compound'}]",[]
953,[6],"And it gets even worse: “The investigation, published Wednesday by the House Permanent Subcommittee on Investigations, further discloses secret efforts by top Obama administration officials to assure European countries they would receive a pass from U.S. sanctions if they engaged in business with Iran.”",Predication,['active'],['active'],['active'],True,"['compound', 'active']","{
  ""Properties"": [""active""],
  ""Explanation"": ""The text contains active verbs, such as 'published', 'discloses', and 'assure'. These verbs show actions being performed by the subject, indicating the use of active predication.""
}",['active'],"{
  ""Properties"": [""active""],
  ""Explanation"": ""The text contains active verbs such as 'published' and 'discloses' which demonstrate actions being performed by the subjects.""
}",['active'],"{
  ""Properties"": [""active""],
  ""Explanation"": ""The sentence contains an active verb 'discloses', which represents an action carried out by the subject 'investigation'.""
}",['active'],True,"{
  ""Properties"": [""active"", ""compound""],
  ""Explanation"": ""The text contains active verbs ('published', 'discloses') and a compound verb structure ('would receive', 'engaged').""
}","['active', 'compound']","{
  ""Properties"": [""active""],
  ""Explanation"": ""The sentence contains active verbs such as 'published', 'discloses', and 'assure', indicating action being performed by the subject.""
}",['active'],"{
  ""Properties"": [""active"", ""compound""],
  ""Explanation"": ""The sentence contains active verbs ('discloses', 'assure') and a compound structure with multiple verbs ('discloses', 'assure') about one subject.""
}","['active', 'compound']",0,"['active', 'compound']",1.0,0.0,,['active'],"[{'Answer': 'no', 'Explanation': 'The sentence provided does not contain active voice verbs. In the sentence, the subject The investigation is not performing an action; rather, it is the recipient of the action described by the verb discloses. The focus is on what the investigation reveals, rather than on an agent performing an action, which is characteristic of active voice.', 'Property': 'active'}, {'Answer': 'no', 'Explanation': 'The sentence provided does not contain stative voice verbs. Instead, it describes an action (discloses) performed by the subject (The investigation) and does not use be as a helping verb. Additionally, the main verb does not fit the criteria of a stative verb, as it is not in a passive construction where the subject receives the action.', 'Property': 'stative'}, {'Answer': 'no', 'Explanation': 'The provided sentence does not exhibit compound predication voice, as it does not use both active and passive voice regarding a single subject. Instead, it maintains a consistent active voice throughout, focusing on the actions of the House Permanent Subcommittee on Investigations and the Obama administration officials without switching to a passive construction.', 'Property': 'compound'}]",[]
1042,[6],Any purge would empty parishes and religious orders of the thousands of priests and bishops who lead healthy lives of service and faithful lives of celibacy.”,Predication,['active'],['active'],['active'],True,"['stative', 'active']","{
  ""Properties"": [""active""],
  ""Explanation"": ""The sentence contains an active verb 'empty' which denotes action being performed.""
}",['active'],"{
  ""Properties"": [""active""],
  ""Explanation"": ""The example contains an active verb 'empty' in 'any purge would empty parishes', indicating the use of active predication.""
}",['active'],"{
  ""Properties"": [""active"", ""stative""],
  ""Explanation"": ""The sentence contains an active verb 'empty' and a stative verb 'lead'. 'Empty' is an active verb describing the potential action of a purge, while 'lead' is a stative verb describing the ongoing state of the priests and bishops.""
}","['active', 'stative']",False,"{
  ""Properties"": [""active"", ""stative""],
  ""Explanation"": ""The sentence contains an active verb 'empty' and a stative verb 'lead' which indicate action and state respectively.""
}","['active', 'stative']","{
  ""Properties"": [""active"", ""stative""],
  ""Explanation"": ""The sentence contains an active verb 'empty' and a stative verb 'lead' which indicate action and state respectively.""
}","['active', 'stative']","{
  ""Properties"": [""active"", ""stative""],
  ""Explanation"": ""The sentence contains an active verb 'empty' and a stative verb 'lead' which indicate action and state respectively.""
}","['active', 'stative']",1,"['active', 'stative']",1.0,0.0,,['active'],"[{'Answer': 'yes', 'Explanation': 'The sentence contains active voice because the subject who (referring to priests and bishops) is performing the action of lead in the phrase who lead healthy lives of service and faithful lives of celibacy. The structure clearly shows that the subjects are actively engaged in the action described.', 'Property': 'active'}, {'Answer': 'no', 'Explanation': 'The sentence does not contain stative voice verbs. The main verb empty is an action verb and does not use be as a helping verb. Additionally, the subject Any purge is performing the action of emptying, rather than receiving it, which is contrary to the definition of stative voice.', 'Property': 'stative'}, {'Answer': 'no', 'Explanation': 'The sentence provided does not exhibit both active and passive voice regarding a single subject. It primarily describes the action of a purge in an active voice, focusing on the effects it would have on parishes and religious orders. There is no instance of passive voice present in the sentence, which is necessary for it to qualify as having compound predication voice.', 'Property': 'compound'}]",['active']
1225,[6],Democratic Illinois Rep. Danny Davis defended Nation of Islam leader Louis Farrakhan as an “outstanding human being” on Monday.,Predication,['active'],['active'],['active'],True,['active'],"{
  ""Properties"": [""stative""],
  ""Explanation"": ""The sentence contains a stative verb 'defended' which describes the state of the subject 'Danny Davis'. There are no active or compound verbs in this sentence.""
}",['stative'],"{
  ""Properties"": [""stative""],
  ""Explanation"": ""The sentence contains the stative verb 'defended' to express a state of action or being.""
}",['stative'],"{
  ""Properties"": [""stative""],
  ""Explanation"": ""The sentence contains a stative verb 'defended' which describes the state of the action rather than an ongoing action.""
}",['stative'],True,"{
  ""Properties"": [""stative""],
  ""Explanation"": ""The sentence contains a stative verb 'defended' describing the action of Danny Davis.""
}",['stative'],"{
  ""Properties"": [""stative""],
  ""Explanation"": ""The sentence contains a stative verb 'defended' which describes a state of action rather than an active action.""
}",['stative'],"{
  ""Properties"": [""stative""],
  ""Explanation"": ""The sentence contains a stative verb 'defended' which describes the state of the subject 'Danny Davis'.""
}",['stative'],1,['stative'],1.0,0.0,,['active'],"[{'Answer': 'yes', 'Explanation': 'The sentence contains an active voice verb, defended, where the subject Democratic Illinois Rep. Danny Davis is performing the action of defending. This aligns with the definition of active voice, where the subject is the doer of the action.', 'Property': 'active'}, {'Answer': 'no', 'Explanation': 'The sentence does not contain stative voice because it does not use be as a helping verb in a way that indicates the subject is receiving an action. Instead, it describes an action performed by the subject (Danny Davis defending Farrakhan), which is an active voice construction.', 'Property': 'stative'}, {'Answer': 'no', 'Explanation': 'The sentence provided does not contain both active and passive voice regarding a single subject. It is a straightforward active voice sentence where Rep. Danny Davis is the subject performing the action of defending Louis Farrakhan. There is no passive construction present that would indicate a compound predication voice.', 'Property': 'compound'}]",['active']
1300,[1 7 9],"“This is a terrible situation and Attorney General Jeff Sessions should stop this Rigged Witch Hunt right now, before it continues to stain our country any further.",Predication,"['stative', 'active']","['stative', 'active']","['stative', 'active']",True,"['stative', 'active']","{
  ""Properties"": [""active""],
  ""Explanation"": ""The given text contains an active verb 'should stop' as the main predicate.""
}",['active'],"{
  ""Properties"": [""active""],
  ""Explanation"": ""The text contains active verbs such as 'should stop' and 'continues', which indicates action being performed by the subject.""
}",['active'],"{
  ""Properties"": [""active""],
  ""Explanation"": ""The sentence contains the active verb 'should stop', indicating an action being performed by the subject 'Attorney General Jeff Sessions'.""
}",['active'],True,"{
  ""Properties"": [""active""],
  ""Explanation"": ""The text contains an active verb 'should stop' which indicates an action performed by the subject 'Attorney General Jeff Sessions'.""
}",['active'],"{
  ""Properties"": [""active""],
  ""Explanation"": ""The text contains active verbs such as 'is' and 'should stop'.""
}",['active'],"{
  ""Properties"": [""active""],
  ""Explanation"": ""The text contains active verbs such as 'is' and 'should stop'. These active verbs indicate action being performed by the subject.""
}",['active'],1,['active'],1.0,0.0,,"['stative', 'active']","[{'Answer': 'no', 'Explanation': 'The sentence provided does not contain active voice verbs. The main clause This is a terrible situation uses the verb is, which is a linking verb, not an action verb. The phrase Attorney General Jeff Sessions should stop this Rigged Witch Hunt does contain an active voice verb (should stop), but the overall structure of the sentence is more complex and includes a linking verb that does not demonstrate active predication throughout.', 'Property': 'active'}, {'Answer': 'no', 'Explanation': 'The sentence does not contain stative voice verbs. Instead, it includes action-oriented verbs such as should stop and continues, which indicate actions being taken rather than a state of being. Additionally, the main verb forms do not follow the structure of stative voice verbs, which require be as a helping verb and a main verb that does not end in ing.', 'Property': 'stative'}, {'Answer': 'no', 'Explanation': 'The provided sentence does not exhibit compound predication voice, as it does not use both active and passive voice regarding a single subject. Instead, it presents a straightforward statement and a call to action without the duality of voice that characterizes compound predication.', 'Property': 'compound'}]",[]
1407,[7],And it’s a problem not just in West Virginia – it’s a national problem.,Predication,['stative'],['stative'],['stative'],True,['stative'],"{
  ""Properties"": [""compound""],
  ""Explanation"": ""The sentence contains multiple verbs ('is', 'problem') about one subject ('it').""
}",['compound'],"{
  ""Properties"": [
    ""compound""
  ],
  ""Explanation"": ""The sentence contains a compound predicate 'is' and 'problem'. Both verbs are about the same subject 'it'.""
}",['compound'],"{
  ""Properties"": [""stative""],
  ""Explanation"": ""The sentence contains a stative verb 'is', which denotes a state of being ('is a national problem'). There are no active or compound verbs present in the given example.""
}",['stative'],False,"{
  ""Properties"": [""compound""],
  ""Explanation"": ""The sentence contains a compound verb structure with 'is' and 'problem' as the verbs about the subject 'it'.""
}",['compound'],"{
  ""Properties"": [""stative""],
  ""Explanation"": ""The sentence contains the stative verb 'is' in the phrase 'it's a national problem.' This indicates a state of being rather than an action.""
}",['stative'],"{
  ""Properties"": [""compound""],
  ""Explanation"": ""The sentence contains a compound verb structure with 'is' and 'problem' as the verbs about the subject 'it'.""
}",['compound'],0,['compound'],1.0,0.0,,['stative'],"[{'Answer': 'no', 'Explanation': 'The sentence And it’s a problem not just in West Virginia – it’s a national problem. does not contain an active voice verb. Instead, it describes a state of being (the problem) rather than an action performed by a subject. The verbs is in both clauses indicate a linking verb, which does not demonstrate an active voice where the subject performs an action.', 'Property': 'active'}, {'Answer': 'no', 'Explanation': 'The sentence And it’s a problem not just in West Virginia – it’s a national problem. does not contain a stative voice verb. The verbs is in both clauses are linking verbs that describe a state of being rather than an action being received by the subject. Additionally, there is no indication of an action being performed on the subject, which is a key characteristic of stative voice verbs.', 'Property': 'stative'}, {'Answer': 'no', 'Explanation': 'The sentence provided does not contain both active and passive voice about a single subject. It presents a single idea about a problem being national and specific to West Virginia without switching between active and passive constructions.', 'Property': 'compound'}]",[]
1535,[8 8 5],This stunning tower audio once again provides proof that the entire narrative that claims that Stephen Paddock operated alone from the 32nd floor of the Mandalay Bay Hotel is complete nonsense and that authorities are actually actively covering up what really happened on that fateful night.,Predication,"['stative', 'active']","['stative', 'active']","['stative', 'active']",True,"['compound', 'active']","{
  ""Properties"": [""active""],
  ""Explanation"": ""The text contains active verbs like 'provides' and 'claims', indicating the use of active voice.""
}",['active'],"{
  ""Properties"": [
    ""active""
  ],
  ""Explanation"": ""The text contains active verbs such as 'provides', 'claims', 'is', and 'are'. These active verbs indicate that the subject of the sentence is performing the action.""
}",['active'],"{
  ""Properties"": [""active""],
  ""Explanation"": ""The example text contains active verbs, such as 'provides', 'claims', 'is', 'covering', and 'happened', which indicate actions taken by the subject.""
}",['active'],True,"{
  ""Properties"": [""active""],
  ""Explanation"": ""The text contains active verbs such as 'provides', 'claims', 'is', 'covering'. These active verbs indicate actions being performed by the subjects.""
}",['active'],"{
  ""Properties"": [""active""],
  ""Explanation"": ""The text contains active verbs such as 'provides', 'claims', 'is', and 'covering'. These verbs indicate actions or states of being.""
}",['active'],"{
  ""Properties"": [""active""],
  ""Explanation"": ""The text contains active verbs such as 'provides', 'claims', 'is', and 'covering', indicating the use of active voice.""
}",['active'],1,['active'],1.0,0.0,,"['stative', 'active']","[{'Answer': 'no', 'Explanation': 'The sentence primarily uses a passive construction where the subject does not perform the action directly. The phrase the entire narrative that claims that Stephen Paddock operated alone indicates that the narrative is being described rather than actively performing an action. Additionally, the use of is complete nonsense and are actually actively covering up suggests a passive reception of the actions rather than an active performance by the subject.', 'Property': 'active'}, {'Answer': 'no', 'Explanation': 'The sentence does not contain stative voice verbs. Instead, it features action verbs such as provides and covering up, which indicate actions being performed by the subjects. Stative voice verbs would require the use of be as a helping verb and would not have main verbs ending in ing, which is not the case here.', 'Property': 'stative'}, {'Answer': 'no', 'Explanation': 'The provided sentence does not exhibit compound predication voice, as it does not use both active and passive voice regarding a single subject. Instead, it primarily maintains an active voice throughout, discussing the narrative and authorities without switching to a passive construction related to the same subject.', 'Property': 'compound'}]",[]
1699,[8],"He said the group was a toothless, paper-shuffling exercise.",Predication,"['stative', 'active']","['stative', 'active']","['stative', 'active']",True,"['stative', 'active']","{
  ""Properties"": [""active"", ""compound""],
  ""Explanation"": ""The sentence contains an active verb 'said' and a compound structure with 'said' and 'was' both being verbs about the same subject 'the group'.""
}","['active', 'compound']","{
  ""Properties"": [""active"", ""stative""],
  ""Explanation"": ""The sentence contains an active verb 'said' and a stative verb 'was'.""
}","['active', 'stative']","{
  ""Properties"": [""active"", ""stative""],
  ""Explanation"": ""The sentence contains both an active verb 'said' and a stative verb 'was'.""
}","['active', 'stative']",False,"{
  ""Properties"": [""active"", ""stative""],
  ""Explanation"": ""The sentence contains an active verb 'said' and a stative verb 'was'.""
}","['active', 'stative']","{
  ""Properties"": [""active"", ""stative""],
  ""Explanation"": ""The sentence contains an active verb 'said' and a stative verb 'was'.""
}","['active', 'stative']","{
  ""Properties"": [""active"", ""stative""],
  ""Explanation"": ""The sentence contains an active verb 'said' and a stative verb 'was'.""
}","['active', 'stative']",1,"['active', 'stative']",1.0,1.0,,"['stative', 'active']","[{'Answer': 'no', 'Explanation': 'The sentence He said the group was a toothless, paper-shuffling exercise does not contain an active voice verb. The main verb said is in the past tense and indicates that He is reporting or stating something, but the clause the group was a toothless, paper-shuffling exercise uses the verb was which is a linking verb, not an action verb. Therefore, the subject the group is not performing an action but rather being described.', 'Property': 'active'}, {'Answer': 'no', 'Explanation': 'The sentence He said the group was a toothless, paper-shuffling exercise does not contain a stative voice verb. The main verb was is a form of be, but it is used here to describe a state of being rather than to indicate that the subject is receiving an action. The subject the group is not being acted upon; instead, it is being described. Therefore, this sentence does not fit the criteria for stative voice as defined.', 'Property': 'stative'}, {'Answer': 'no', 'Explanation': 'The sentence He said the group was a toothless, paper-shuffling exercise does not contain both active and passive voice about a single subject. It is a straightforward statement in active voice, where He is the subject performing the action of saying, and the group is the subject of the clause that follows. There is no passive construction present in this sentence.', 'Property': 'compound'}]",[]
2116,[8],The case of the Netherlands is downright bizarre; sisters so old that even the federation structures are breaking down.,Predication,"['stative', 'active']","['stative', 'active']","['stative', 'active']",True,['active'],"{
  ""Properties"": [""active""],
  ""Explanation"": ""The phrase 'is breaking down' contains an active verb 'breaking', which indicates ongoing action""
}",['active'],"{
  ""Properties"": [""active""],
  ""Explanation"": ""The sentence contains an active verb 'is' and 'are breaking down' which indicates an action performed by the subject 'sisters'.""
}",['active'],"{
  ""Properties"": [""active""],
  ""Explanation"": ""The sentence contains an active verb 'is', indicating action by the subject 'the case of the Netherlands'.""
}",['active'],True,"{
  ""Properties"": [""stative""],
  ""Explanation"": ""The sentence contains a stative verb 'is' which indicates a state of being or existence.""
}",['stative'],"{
  ""Properties"": [""stative""],
  ""Explanation"": ""The sentence contains a stative verb 'is' indicating a state of being.""
}",['stative'],"{
  ""Properties"": [""active""],
  ""Explanation"": ""The sentence contains an active verb 'is' which indicates an action being performed by the subject 'the case of the Netherlands'.""
}",['active'],0,['stative'],1.0,0.0,,"['stative', 'active']","[{'Answer': 'no', 'Explanation': 'The sentence provided does not contain an active voice verb. In active voice constructions, the subject performs the action of the verb. In this case, the subject the case of the Netherlands is not performing an action; rather, it is being described as bizarre. The phrases that follow do not indicate an action being performed by a subject either, as they describe a state of being or condition rather than an active action.', 'Property': 'active'}, {'Answer': 'no', 'Explanation': 'The sentence does not contain stative voice verbs. The main verb are breaking down is in the present continuous form, which ends in ing, and therefore does not fit the criteria for stative voice verbs, which require the main verb to not end in ing and to use be as a helping verb without indicating an action being received by the subject.', 'Property': 'stative'}, {'Answer': 'no', 'Explanation': 'The sentence provided does not exhibit both active and passive voice regarding a single subject. Instead, it presents a statement about the Netherlands and its federation structures without switching between active and passive constructions. Therefore, it does not qualify as having compound predication voice.', 'Property': 'compound'}]",[]
2508,[8],"“It was a foolish mistake by a very young man,” Saucier’s lawyer, Greg Rinckey, said.",Predication,"['stative', 'active']","['stative', 'active']","['stative', 'active']",True,"['stative', 'active']","{
  ""Properties"": [""active""],
  ""Explanation"": ""The sentence contains an active verb 'said' in the form 'Greg Rinckey said.'""
}",['active'],"{
  ""Properties"": [""active""],
  ""Explanation"": ""The sentence contains an active verb 'said', which indicates an action performed by the subject 'Greg Rinckey'.""
}",['active'],"{
  ""Properties"": [
    ""active""
  ],
  ""Explanation"": ""The sentence contains the active verb 'said.'""
}",['active'],True,"{
  ""Properties"": [""active""],
  ""Explanation"": ""The sentence contains an active verb 'said', which is a clear indication of the active voice.""
}",['active'],"{
  ""Properties"": [""active""],
  ""Explanation"": ""The sentence contains an active verb 'said', which is a key property of Predication.""
}",['active'],"{
  ""Properties"": [""active""],
  ""Explanation"": ""The sentence contains an active verb 'said' with a clear subject 'Greg Rinckey' performing the action.""
}",['active'],1,['active'],1.0,0.0,,"['stative', 'active']","[{'Answer': 'no', 'Explanation': 'The sentence provided does not contain an active voice verb. The main clause It was a foolish mistake by a very young man uses a linking verb was which does not indicate an action performed by the subject. Instead, it describes a state of being. The subject It does not perform an action; rather, it is being described. Therefore, the sentence does not exemplify active voice predication.', 'Property': 'active'}, {'Answer': 'no', 'Explanation': 'The sentence It was a foolish mistake by a very young man does not contain a stative voice verb. The verb was is a form of be, but the main clause does not express a state of being or a condition that the subject is experiencing; instead, it describes a situation or event. The phrase a foolish mistake is a noun phrase, and the sentence does not indicate that the subject is receiving an action in the way that stative voice verbs do.', 'Property': 'stative'}, {'Answer': 'no', 'Explanation': 'The sentence provided does not exhibit compound predication voice, as it does not use both active and passive voice regarding a single subject. Instead, it presents a straightforward statement in the active voice, where Saucier’s lawyer, Greg Rinckey, said is the main clause, and there is no passive construction present.', 'Property': 'compound'}]",[]
2629,[ 8 13],ADVANTAGE AMERICANS,Predication,[],[],[],True,[],"{
  ""Properties"": [],
  ""Explanation"": ""The provided text contains no verbs, so no properties of predication are used.""
}",[],"{
  ""Properties"": [""stative""],
  ""Explanation"": ""The text only contains a stative verb 'AMERICANS'. This verb is not actively doing anything, it simply denotes a state of being.""
}",['stative'],"{
  ""Properties"": [],
  ""Explanation"": ""The example does not contain any active, stative, or compound predicates. It is a simple statement without any verbal components.""
}",[],False,"{
  ""Properties"": [""compound""],
  ""Explanation"": ""The text contains a compound predicate with the verbs 'advantage' and 'Americans' both referring to the same subject.""
}",['compound'],"{
  ""Properties"": [""active""],
  ""Explanation"": ""The text contains an active verb 'advantage' which is a verb directly performed by the subject 'Americans'.""
}",['active'],"{
  ""Properties"": [],
  ""Explanation"": ""The example text does not contain any active, stative, or compound predicates. It is a simple noun phrase without any verbal elements.""
}",[],0,['compound'],1.0,1.0,,[],"[{'Answer': 'no', 'Explanation': 'The phrase ADVANTAGE AMERICANS does not contain a verb or a clear subject performing an action. Active voice requires a subject that performs an action, and in this case, there is no action being described. Therefore, it cannot be classified as active voice.', 'Property': 'active'}, {'Answer': 'no', 'Explanation': 'The phrase ADVANTAGE AMERICANS does not contain a verb, nor does it follow the structure of a complete sentence that would allow for the identification of stative voice. Stative voice requires a subject and a verb, typically with be as a helping verb, which is absent in this case.', 'Property': 'stative'}, {'Answer': 'no', 'Explanation': 'The phrase ADVANTAGE AMERICANS does not contain a complete sentence or any verbs that would indicate the use of active or passive voice. Therefore, it cannot be classified as having compound predication voice, which requires both active and passive constructions related to a single subject.', 'Property': 'compound'}]",[]
2871,[8],"While it earlier made attempts to balance its shoddier side with some interesting reporting, it is now solidly main stream in the worst sense.",Predication,"['stative', 'active']","['stative', 'active']","['stative', 'active']",True,"['stative', 'active']","{
  ""Properties"": [""active""],
  ""Explanation"": ""The sentence contains an active verb 'made' in the past tense, which indicates an action performed by the subject.""
}",['active'],"{
  ""Properties"": [""active""],
  ""Explanation"": ""The sentence contains the active verb 'made' and 'balance' which signify action being performed.""
}",['active'],"{
  ""Properties"": [""active"", ""compound""]
}","['active', 'compound']",False,"{
  ""Properties"": [""active""],
  ""Explanation"": ""The sentence contains active verbs such as 'made', 'balance', and 'reporting', which indicate actions being performed.""
}",['active'],"{
  ""Properties"": [""active"", ""compound""],
  ""Explanation"": ""The sentence contains active verbs ('made', 'balance', 'reporting', 'is') and also has a compound structure with multiple verbs ('made', 'balance').""
}","['active', 'compound']","{
  ""Properties"": [""active""],
  ""Explanation"": ""The sentence contains an active verb 'made' which indicates an action performed by the subject.""
}",['active'],0,['active'],0.0,0.0,,['compound'],"[{'Answer': 'no', 'Explanation': 'The sentence provided does not contain active voice verbs. The subject it is not performing an action in a straightforward manner; instead, the sentence describes a state of being (is now solidly main stream) and refers to past attempts (made attempts) without a clear active action being performed by the subject. The verbs used do not illustrate the subject actively doing something, which is a requirement for active voice.', 'Property': 'active'}, {'Answer': 'no', 'Explanation': 'The sentence does not contain stative voice because it does not use be as a helping verb in a way that indicates the subject is receiving an action. Instead, the verb is in it is now solidly main stream describes a state of being rather than an action being received, and the main verb does not follow the structure of stative voice as defined.', 'Property': 'stative'}, {'Answer': 'no', 'Explanation': 'The provided sentence does not exhibit compound predication voice, as it does not use both active and passive voice regarding a single subject. Instead, it maintains a consistent active voice throughout, discussing the subjects attempts and current state without shifting to a passive construction.', 'Property': 'compound'}]",[]
3062,[ 9  9 13  9  9],"That be far from thee to do after this manner, to slay the righteous with the wicked: and that the righteous should be as the wicked, that be far from thee: Shall not the Judge of all the earth do right?",Predication,"['stative', 'active']","['stative', 'active']","['stative', 'active']",True,"['stative', 'active']","{
  ""Properties"": [""stative""],
  ""Explanation"": ""The text contains stative verbs like 'be' and 'do', which express a state rather than an action.""
}",['stative'],"{
  ""Properties"": [""stative""],
  ""Explanation"": ""The text contains stative verbs such as 'be' and 'do' which describe a state of being or a state of action rather than an ongoing action or process.""
}",['stative'],"{
  ""Properties"": [""stative""],
  ""Explanation"": ""The text contains stative verbs, such as 'be' and 'should be', which express a state of being rather than action.""
}",['stative'],True,"{
  ""Properties"": [""stative""],
  ""Explanation"": ""The text contains stative verbs such as 'be' and 'do', which express a state of being or existence rather than action.""
}",['stative'],"{
  ""Properties"": [""stative""],
  ""Explanation"": ""The text contains stative verbs such as 'be' and 'do', which express a state rather than an action.""
}",['stative'],"{
  ""Properties"": [""stative""],
  ""Explanation"": ""The text contains stative verbs such as 'be' and 'do', which express a state of being or existence rather than action.""
}",['stative'],1,['stative'],1.0,0.0,,"['stative', 'active']","[{'Answer': 'no', 'Explanation': 'The sentence provided does not contain active voice verbs. In active voice, the subject performs the action of the verb. However, in this sentence, the structure is more complex and involves passive constructions and subjunctive forms, where the subjects are not clearly performing actions in a straightforward manner. The verbs be and slay do not indicate a clear subject-action relationship typical of active voice.', 'Property': 'active'}, {'Answer': 'no', 'Explanation': 'The sentence does not contain stative voice verbs as defined in the provided context. The verbs be in that be far from thee do not function as helping verbs for a main verb that indicates a state of being or condition. Instead, they are used in a more archaic or poetic sense, and the overall structure does not fit the criteria of stative voice where the subject receives the action. Additionally, the sentence does not contain any main verbs that are in a stative form with be as a helping verb.', 'Property': 'stative'}, {'Answer': 'no', 'Explanation': 'The provided sentence does not exhibit compound predication voice, as it does not use both active and passive voice regarding a single subject. Instead, it primarily presents a series of statements and questions without the necessary structure to indicate a combination of active and passive constructions related to the same subject.', 'Property': 'compound'}]",[]
3249,[9],When Cain complains that being a “vagabond .,Predication,['active'],['active'],['active'],True,['active'],"{
  ""Properties"": [""stative""],
  ""Explanation"": ""The sentence contains the stative verb 'being' which describes a state of existence rather than an action.""
}",['stative'],"{
  ""Properties"": [""stative""],
  ""Explanation"": ""The example contains a stative verb 'complains.' Stative verbs express a state or condition rather than an action.""
}",['stative'],"{
  ""Properties"": [""stative""],
  ""Explanation"": ""The text contains a stative verb 'complains', which describes a state of being rather than an action.""
}",['stative'],True,"{
  ""Properties"": [""stative""],
  ""Explanation"": ""The text contains a stative verb 'being' which expresses a state of being rather than an action.""
}",['stative'],"{
  ""Properties"": [""stative""],
  ""Explanation"": ""The text contains a stative verb 'being' which describes a state of being rather than an action.""
}",['stative'],"{
  ""Properties"": [""stative""],
  ""Explanation"": ""The text contains a stative verb 'being' which describes a state of existence rather than an action.""
}",['stative'],1,['stative'],1.0,0.0,,['active'],"[{'Answer': 'no', 'Explanation': 'The sentence When Cain complains that being a “vagabond does not contain an active voice verb. The subject Cain is not performing an action in a straightforward manner; instead, he is in a state of complaining about something. The verb complains is indeed active, but the overall structure of the sentence suggests a focus on the state of being rather than a direct action performed by the subject. Therefore, it does not fit the definition of active voice as described.', 'Property': 'active'}, {'Answer': 'no', 'Explanation': 'The sentence When Cain complains that being a “vagabond” does not contain a stative voice verb. The main verb complains is an action verb and does not use be as a helping verb. Additionally, the phrase being a vagabond does not function as a stative verb but rather describes a state or condition related to the action of complaining.', 'Property': 'stative'}, {'Answer': 'no', 'Explanation': 'The sentence provided does not demonstrate the use of both active and passive voice regarding a single subject. It appears to be an incomplete thought and does not contain a clear example of compound predication voice as defined in the context given.', 'Property': 'compound'}]",[]
3374,[4 9],"For Faggioli, not only would Bergoglio’s resignation be unthinkable, so also would a purge of the homosexual and pro-homosexual prelates Bergoglio and his Vatican henchmen have systematically enabled.",Predication,"['stative', 'active']","['stative', 'active']","['stative', 'active']",True,"['compound', 'active']","{
  ""Properties"": [""compound""],
  ""Explanation"": ""The example contains a compound structure with two verbs 'would be' and 'have systematically enabled' in relation to the same subject 'Bergoglio'.""
}",['compound'],"{
  ""Properties"": [""active"", ""compound""],
  ""Explanation"": ""The sentence contains active verbs ('would be', 'have enabled') and a compound structure with multiple verbs about one subject ('would be', 'have enabled').""
}","['active', 'compound']","{
  ""Properties"": [""compound""],
  ""Explanation"": ""The sentence contains a compound structure with two verbs 'would be' and 'have enabled' related to the subject 'Bergoglio and his Vatican henchmen'.""
}",['compound'],False,"{
  ""Properties"": [""active""],
  ""Explanation"": ""The text contains active verbs such as 'would be', 'have systematically enabled'. These active verbs indicate actions being performed by the subjects.""
}",['active'],"{
  ""Properties"": [""active"", ""compound""],
  ""Explanation"": ""The sentence contains active verbs ('would be', 'have enabled') and also has a compound structure with multiple verbs ('would be', 'have enabled') about one subject.""
}","['active', 'compound']","{
  ""Properties"": [""compound""],
  ""Explanation"": ""The sentence contains a compound structure with multiple verbs ('would be', 'have enabled') about one subject ('Bergoglio').""
}",['compound'],0,['active'],1.0,0.0,,"['stative', 'active']","[{'Answer': 'no', 'Explanation': 'The sentence does not contain active voice because the subject is not performing the action directly. Instead, it describes a situation where Bergoglios resignation and the actions of a purge are being discussed in a hypothetical manner. The verbs would be and would have enabled indicate a passive construction rather than an active one, as they do not show a clear subject performing an action.', 'Property': 'active'}, {'Answer': 'no', 'Explanation': 'The sentence does not contain stative voice verbs as defined in the provided context. The verbs would be and would have enabled do not fit the criteria of stative voice verbs, which require be as a helping verb with the main verb not ending in ing. Additionally, the sentence describes hypothetical situations rather than a state of being or receiving an action.', 'Property': 'stative'}, {'Answer': 'no', 'Explanation': 'The sentence provided does not exhibit compound predication voice as defined in the context. It does not use both active and passive voice about a single subject. Instead, it presents a complex structure with multiple clauses, but it does not combine active and passive constructions regarding the same subject. The focus is on the hypothetical nature of Bergoglios resignation and the actions of prelates, rather than a simultaneous use of both voices.', 'Property': 'compound'}]",[]
3387,[ 8  9 13  8  9],"This will be a final victory over the enemies within and their apologists, such as Faggioli, who, in typical neo-Catholic style, imperiously scoffs at the notion of “a young clergy marked by personal sanctity but also by a fascination for a mythical Middle Ages” and busies himself defending an unsalvageable mass of corruption he dares to describe as “a Church-world relationship based on a principle of reality.”",Predication,"['stative', 'active']","['stative', 'active']","['stative', 'active']",True,"['stative', 'compound', 'active']","{
  ""Properties"": [""active"", ""stative""],
  ""Explanation"": ""The text contains both active verbs such as 'scoffs' and a stative verb 'is' in the phrase 'who, in typical neo-Catholic style, imperiously scoffs at the notion of.'""
}","['active', 'stative']","{
  ""Properties"": [""active""],
  ""Explanation"": ""The example contains active verbs such as 'imperiously scoffs' and 'busies himself defending', which indicates the use of active predication.""
}",['active'],"{
  ""Properties"": [""active"", ""compound""],
  ""Explanation"": ""The text contains active verbs ('be', 'win') and it also has compound verbs ('be', 'scoffs', 'busies', 'defending').""
}","['active', 'compound']",False,"{
  ""Properties"": [""active"", ""stative""],
  ""Explanation"": ""The text contains both active verbs (e.g., 'imperiously scoffs', 'busies himself defending') and stative verbs (e.g., 'is', 'marked', 'describes').""
}","['active', 'stative']","{
  ""Properties"": [""active"", ""stative""],
  ""Explanation"": ""The text contains both active verbs (e.g. 'imperiously scoffs', 'busies himself defending') and stative verbs (e.g. 'is', 'marked', 'describes').""
}","['active', 'stative']","{
  ""Properties"": [""active"", ""stative""],
  ""Explanation"": ""The text contains both active verbs (e.g. 'defending', 'describes') and stative verbs (e.g. 'is', 'busies').""
}","['active', 'stative']",1,"['active', 'stative']",1.0,1.0,,"['stative', 'active']","[{'Answer': 'no', 'Explanation': 'The sentence primarily describes actions and opinions of others rather than presenting a clear subject performing an action. The verbs used (scoffs, busies) are not in a straightforward active voice structure, as they are embedded in a complex sentence with multiple clauses. The main subject is not directly performing an action in a simple manner, which is characteristic of active voice.', 'Property': 'active'}, {'Answer': 'no', 'Explanation': 'The sentence does not contain stative voice verbs. Instead, it features dynamic actions and descriptions, such as scoffs and busies, which indicate active engagement rather than a state of being. Additionally, the structure does not include be as a helping verb followed by a main verb that does not end in ing, which is characteristic of stative voice.', 'Property': 'stative'}, {'Answer': 'no', 'Explanation': 'The provided sentence does not exhibit compound predication voice, as it does not use both active and passive voice regarding a single subject. Instead, it primarily maintains an active voice throughout, focusing on the actions and descriptions related to the subject without switching to a passive construction.', 'Property': 'compound'}]",[]
3785,[10],“When something is coming up and down or at least from a different angle they are either going to hit the ground or… alot of different things are going to happen.,Predication,['active'],['active'],['active'],True,['active'],"{
  ""Properties"": [""stative""],
  ""Explanation"": ""The sentence contains a stative verb 'is' in the phrase 'something is coming up'. This indicates a state of being rather than an action.""
}",['stative'],"{
  ""Properties"": [""active""],
  ""Explanation"": ""The text contains active verbs indicating action such as 'coming up', 'going to hit', and 'are going to happen.'""
}",['active'],"{
  ""Properties"": [""active"", ""compound""],
  ""Explanation"": ""The text contains active verbs (is coming, are going) and a compound structure with multiple verbs (are going to hit, are going to happen).""
}","['active', 'compound']",False,"{
  ""Properties"": [""stative""],
  ""Explanation"": ""The text contains a stative verb 'is' in the phrase 'is coming up', which indicates a state of being rather than an action.""
}",['stative'],"{
  ""Properties"": [""stative""],
  ""Explanation"": ""The sentence contains a stative verb 'is' and an adjective 'different' which describes the state of something.""
}",['stative'],"{
  ""Properties"": [""stative""],
  ""Explanation"": ""The sentence contains a stative verb 'is' and an adjective 'different' which indicates a state of being rather than action.""
}",['stative'],1,['stative'],1.0,0.0,,['active'],"[{'Answer': 'no', 'Explanation': 'The sentence provided does not contain active voice verbs. Instead, it uses passive constructions and vague subjects (they and something) that do not clearly indicate who is performing the actions. The verbs are going to hit and are going to happen do not have a specific subject performing an action, which is characteristic of active voice.', 'Property': 'active'}, {'Answer': 'no', 'Explanation': 'The sentence does not contain stative voice verbs. Instead, it describes actions (is coming, are going to hit, are going to happen) that involve subjects performing actions rather than receiving them. Stative voice verbs typically involve a state of being or condition, often using be as a helping verb, but the main verbs in this sentence indicate active processes rather than a state of being.', 'Property': 'stative'}, {'Answer': 'no', 'Explanation': 'The provided sentence does not exhibit compound predication voice, as it does not use both active and passive voice regarding a single subject. Instead, it presents a series of actions and possibilities without the structure that combines both voices about one subject.', 'Property': 'compound'}]",[]
